target,parameter_a,parameter_b,n,joint_share,additive_share,interaction_share,cells
hd64,sx,sy,2828,0.5489,0.4551,0.0938,22
hd64,M,sy,2828,0.4215,0.3647,0.0568,17
hd64,N,sx,2828,0.2561,0.2419,0.0141,14
hd64,M,K,2828,0.0472,0.0383,0.0089,7
hd64,fam,M,2828,0.0668,0.0605,0.0062,16
hd64,N,K,2828,0.0401,0.0357,0.0044,7
hd64,S,nf,2828,0.0802,0.0774,0.0028,4
hd64,fam,nf,2828,0.1053,0.1031,0.0022,8
hd64,N,sy,2828,0.3061,0.3043,0.0018,17
hd64,fam,sy,2828,0.3163,0.3148,0.0015,20
hd64,K,sy,2828,0.2943,0.2933,0.0010,10
hd64,fam,sx,2828,0.1725,0.1718,0.0006,20
hd64,sy,S,2828,0.2911,0.2904,0.0006,10
hd64,M,sx,2828,0.1647,0.1641,0.0006,14
hd64,fam,N,2828,0.0585,0.0579,0.0006,16
hd64,N,nf,2828,0.1089,0.1084,0.0005,8
hd64,sx,S,2828,0.1468,0.1463,0.0005,10
hd64,K,nf,2828,0.0822,0.0818,0.0004,4
hd64,fam,K,2828,0.0297,0.0293,0.0004,7
hd64,sy,nf,2828,0.3621,0.3617,0.0004,10
hd64,M,N,2828,0.0953,0.0950,0.0003,10
hd64,M,nf,2828,0.1107,0.1105,0.0003,8
hd64,sx,nf,2828,0.2179,0.2177,0.0002,10
hd64,fam,S,2828,0.0312,0.0310,0.0002,8
hd64,K,S,2828,0.0098,0.0097,0.0001,4
hd64,N,S,2828,0.0363,0.0362,0.0001,8
hd64,K,sx,2828,0.1508,0.1508,0.0000,9
hd64,M,S,2828,0.0385,0.0385,0.0000,8
hd128,sx,sy,2828,0.5965,0.5128,0.0837,22
hd128,M,sy,2828,0.4510,0.4004,0.0506,17
hd128,N,sx,2828,0.2797,0.2666,0.0130,14
hd128,M,K,2828,0.0457,0.0352,0.0105,7
hd128,fam,M,2828,0.0753,0.0664,0.0089,16
hd128,N,K,2828,0.0399,0.0347,0.0051,7
hd128,N,sy,2828,0.3409,0.3383,0.0026,17
hd128,fam,sy,2828,0.3590,0.3565,0.0025,20
hd128,fam,sx,2828,0.1998,0.1975,0.0023,20
hd128,K,sy,2828,0.3264,0.3245,0.0019,10
hd128,S,nf,2828,0.0274,0.0262,0.0012,4
hd128,fam,K,2828,0.0372,0.0361,0.0012,7
hd128,fam,nf,2828,0.0615,0.0606,0.0009,8
hd128,fam,S,2828,0.0386,0.0377,0.0009,8
hd128,fam,N,2828,0.0665,0.0656,0.0009,16
hd128,sy,S,2828,0.3243,0.3234,0.0008,10
hd128,M,sx,2828,0.1814,0.1809,0.0006,14
hd128,K,sx,2828,0.1660,0.1655,0.0005,9
hd128,M,N,2828,0.0897,0.0894,0.0003,10
hd128,sx,S,2828,0.1633,0.1631,0.0002,10
hd128,N,nf,2828,0.0589,0.0587,0.0002,8
hd128,K,nf,2828,0.0287,0.0286,0.0002,4
hd128,sy,nf,2828,0.3457,0.3456,0.0001,10
hd128,M,nf,2828,0.0590,0.0588,0.0001,8
hd128,sx,nf,2828,0.1855,0.1854,0.0001,10
hd128,N,S,2828,0.0358,0.0358,0.0000,8
hd128,M,S,2828,0.0360,0.0360,0.0000,8
hd128,K,S,2828,0.0057,0.0057,0.0000,4
score,sx,sy,2828,0.5789,0.4895,0.0893,22
score,M,sy,2828,0.4409,0.3870,0.0540,17
score,N,sx,2828,0.2709,0.2572,0.0137,14
score,M,K,2828,0.0468,0.0370,0.0098,7
score,fam,M,2828,0.0716,0.0640,0.0076,16
score,N,K,2828,0.0403,0.0355,0.0048,7
score,N,sy,2828,0.3271,0.3250,0.0022,17
score,S,nf,2828,0.0504,0.0484,0.0019,4
score,fam,sy,2828,0.3412,0.3394,0.0019,20
score,fam,nf,2828,0.0801,0.0786,0.0015,8
score,fam,sx,2828,0.1879,0.1866,0.0014,20
score,K,sy,2828,0.3135,0.3123,0.0011,10
score,fam,K,2828,0.0334,0.0326,0.0007,7
score,sy,S,2828,0.3112,0.3105,0.0007,10
score,fam,N,2828,0.0629,0.0622,0.0007,16
score,M,sx,2828,0.1749,0.1744,0.0005,14
score,fam,S,2828,0.0350,0.0345,0.0005,8
score,sx,S,2828,0.1567,0.1564,0.0003,10
score,N,nf,2828,0.0809,0.0806,0.0003,8
score,K,nf,2828,0.0520,0.0518,0.0003,4
score,M,N,2828,0.0934,0.0931,0.0003,10
score,sy,nf,2828,0.3541,0.3538,0.0002,10
score,M,nf,2828,0.0819,0.0817,0.0002,8
score,K,sx,2828,0.1600,0.1598,0.0002,9
score,sx,nf,2828,0.2001,0.1999,0.0001,10
score,K,S,2828,0.0077,0.0076,0.0000,4
score,N,S,2828,0.0364,0.0364,0.0000,8
score,M,S,2828,0.0376,0.0376,0.0000,8
