model,scheme,build,kernel,MxNxK,count,ms
1b,4w,cand,sarc_linear_q4gsw_coopmat_t256x128k32g24s32f32cbt_texture3d_texture2d_half,2048x8192x2048,32,28.709
1b,4w,cand,sarc_linear_q4gsw_coopmat_sweep_t128x128k32g42s32f32cbt_texture3d_texture2d_half,2048x2048x8192,16,16.134
1b,4w,cand,sarc_linear_q4gsw_coopmat_sweep_t128x128k32g42s32f32cbt_texture3d_texture2d_half,2048x2048x2048,32,8.887
1b,4w,cand,sarc_sdpa_av_coopmat_sweep_t32x32k32g22s32_buffer_buffer_half,,16,8.823
1b,4w,cand,sarc_sdpa_attn_weights_softmax_buffer_half_780m_r3,,16,7.649
1b,4w,cand,sarc_sdpa_qk_coopmat_pk_t128x128k32g42s32nf_buffer_buffer_half,,16,4.648
1b,4w,cand,sarc_linear_q4gsw_coopmat_sweep_t128x128k32g42s32f32cbt_texture3d_texture2d_half,2048x512x2048,32,3.026
1b,4w,cand,binary_mul_texture3d_half,,32,1.823
1b,4w,cand,view_texture_half,,64,1.431
1b,4w,cand,clone_image_to_buffer_half_half,,49,0.604
1b,4w,cand,binary_add_texture3d_half,,32,0.602
1b,4w,cand,sigmoid_half_texture3d,,16,0.52
1b,4w,cand,rms_norm_texture3d_half,,33,0.446
1b,4w,cand,clone_buffer_to_image_half_half,,17,0.383
1b,4w,cand,q4gsw_linear_gemv_coop__w_4x8_nc_buffer_g8w8_buffer_half,1x128256x2048,1,0.195
1b,4w,cand,rotary_embedding_texture3d_half,,16,0.16
1b,4w,cand,sdpa_kv_cache_update_buffer_buffer_half,,32,0.148
1b,4w,cand,buffer_to_nchw_half_float,1x128256x2048,1,0.092
1b,4w,cand,embedding_q4gsw_buffer_half,1x2048x2048,1,0.048
1b,4w,cand,slice_ubo_texture3d_half,,2,0.008
1b,4w,cand,nchw_to_buffer_int32_int32,,1,0.003
1b,4w,cand,select_texture3d_half,,1,0.003
1b,4w,cand,nchw_to_image_texture3d_int32_int32,,1,0.002
1b,4w,parent,sarc_linear_q4gsw_coopmat_t256x128k32g24s32f32cbt_texture3d_texture2d_half,2048x8192x2048,32,27.964
1b,4w,parent,sarc_linear_q4gsw_coopmat_t256x128k32g24s32f32cbt_texture3d_texture2d_half,2048x2048x8192,16,17.144
1b,4w,parent,sarc_sdpa_av_coopmat_t64x64k32g22s64_buffer_buffer_half,,16,12.345
1b,4w,parent,sarc_linear_q4gsw_coopmat_t256x128k32g24s32f32cbt_texture3d_texture2d_half,2048x2048x2048,32,10.442
1b,4w,parent,sarc_sdpa_attn_weights_softmax_buffer_half,,16,10.343
1b,4w,parent,sarc_sdpa_qk_coopmat_t128x64k32g22s64_buffer_buffer_half,,16,6.241
1b,4w,parent,sarc_linear_q4gsw_coopmat_t256x128k32g24s32f32cbt_texture3d_texture2d_half,2048x512x2048,32,4.589
1b,4w,parent,binary_mul_texture3d_half,,32,1.811
1b,4w,parent,view_texture_half,,64,1.397
1b,4w,parent,binary_add_texture3d_half,,32,0.61
1b,4w,parent,clone_image_to_buffer_half_half,,49,0.588
1b,4w,parent,sigmoid_half_texture3d,,16,0.528
1b,4w,parent,rms_norm_texture3d_half,,33,0.463
1b,4w,parent,clone_buffer_to_image_half_half,,17,0.389
1b,4w,parent,q4gsw_linear_gemv_coop__w_4x8_nc_buffer_g8w8_buffer_half,1x128256x2048,1,0.204
1b,4w,parent,rotary_embedding_texture3d_half,,16,0.159
1b,4w,parent,sdpa_kv_cache_update_buffer_buffer_half,,32,0.144
1b,4w,parent,buffer_to_nchw_half_float,1x128256x2048,1,0.092
1b,4w,parent,embedding_q4gsw_buffer_half,1x2048x2048,1,0.049
1b,4w,parent,slice_ubo_texture3d_half,,2,0.008
1b,4w,parent,nchw_to_buffer_int32_int32,,1,0.003
1b,4w,parent,select_texture3d_half,,1,0.003
1b,4w,parent,nchw_to_image_texture3d_int32_int32,,1,0.002
1b,8da4w,cand,sarc_linear_dq8ca_coopmat_zpg_sweep_t256x64k32g24s32_texture3d_texture2d_half,2048x8192x2048,32,24.815
1b,8da4w,cand,sarc_dev_780m_x_linear_dq8ca_coopmat_zpg_t256x64k64g48s32afmb1_texture3d_texture2d_half,2048x2048x8192,16,13.367
1b,8da4w,cand,sarc_sdpa_av_coopmat_sweep_t32x32k32g22s32_buffer_buffer_half,,16,8.998
1b,8da4w,cand,sarc_sdpa_attn_weights_softmax_buffer_half_780m_r3,,16,7.593
1b,8da4w,cand,sarc_linear_dq8ca_coopmat_zpg_sweep_t256x64k32g24s32_texture3d_texture2d_half,2048x2048x2048,32,7.106
1b,8da4w,cand,sarc_sdpa_qk_coopmat_pk_t128x128k32g42s32nf_buffer_buffer_half,,16,4.942
1b,8da4w,cand,sarc_linear_dq8ca_coopmat_zpg_sweep_t64x64k32g22s32_texture3d_texture2d_half,2048x512x2048,32,2.127
1b,8da4w,cand,binary_mul_texture3d_half,,32,1.747
1b,8da4w,cand,choose_qparams_per_row_texture3d_half_zpint8,,113,1.727
1b,8da4w,cand,view_texture_half,,64,1.498
1b,8da4w,cand,clone_image_to_buffer_half_half,,49,0.722
1b,8da4w,cand,binary_add_texture3d_half,,32,0.611
1b,8da4w,cand,sigmoid_half_texture3d,,16,0.521
1b,8da4w,cand,rms_norm_texture3d_half,,33,0.486
1b,8da4w,cand,clone_buffer_to_image_half_half,,17,0.4
1b,8da4w,cand,quantize_and_pack_4h4w_with_group_sums_o2w32_buffer_texture3d_half_zpint8,2048x2048x8192,16,0.333
1b,8da4w,cand,rotary_embedding_texture3d_half,,16,0.245
1b,8da4w,cand,sdpa_kv_cache_update_buffer_buffer_half,,32,0.243
1b,8da4w,cand,quantize_and_pack_4h4w_with_group_sums_o2w32_buffer_texture3d_half_zpint8,2048x2048x2048,32,0.212
1b,8da4w,cand,quantize_and_pack_4h4w_with_group_sums_o2w32_buffer_texture3d_half_zpint8,2048x8192x2048,32,0.202
1b,8da4w,cand,quantize_and_pack_4h4w_with_group_sums_o2w32_buffer_texture3d_half_zpint8,2048x512x2048,32,0.202
1b,8da4w,cand,linear_dq8ca_q4gsw_coop_buffer_texture2d_half_zpint8,1x128256x2048,1,0.196
1b,8da4w,cand,buffer_to_nchw_half_float,1x128256x2048,1,0.093
1b,8da4w,cand,embedding_q4gsw_buffer_half,1x2048x2048,1,0.057
1b,8da4w,cand,slice_ubo_texture3d_half,,2,0.009
1b,8da4w,cand,nchw_to_buffer_int32_int32,,1,0.003
1b,8da4w,cand,select_texture3d_half,,1,0.003
1b,8da4w,cand,nchw_to_image_texture3d_int32_int32,,1,0.002
1b,8da4w,parent,sarc_linear_dq8ca_coopmat_zpg_t128x64k32g42s32_texture3d_texture2d_half,2048x8192x2048,32,25.64
1b,8da4w,parent,sarc_linear_dq8ca_coopmat_zpg_t128x64k32g42s32_texture3d_texture2d_half,2048x2048x8192,16,13.941
1b,8da4w,parent,sarc_sdpa_av_coopmat_t64x64k32g22s64_buffer_buffer_half,,16,12.503
1b,8da4w,parent,sarc_sdpa_attn_weights_softmax_buffer_half,,16,10.035
1b,8da4w,parent,sarc_linear_dq8ca_coopmat_zpg_t128x64k32g42s32_texture3d_texture2d_half,2048x2048x2048,32,7.306
1b,8da4w,parent,sarc_sdpa_qk_coopmat_t128x64k32g22s64_buffer_buffer_half,,16,6.717
1b,8da4w,parent,sarc_linear_dq8ca_coopmat_zpg_t128x64k32g42s32_texture3d_texture2d_half,2048x512x2048,32,2.638
1b,8da4w,parent,binary_mul_texture3d_half,,32,1.768
1b,8da4w,parent,choose_qparams_per_row_texture3d_half_zpint8,,113,1.722
1b,8da4w,parent,view_texture_half,,64,1.504
1b,8da4w,parent,clone_image_to_buffer_half_half,,49,0.726
1b,8da4w,parent,binary_add_texture3d_half,,32,0.593
1b,8da4w,parent,sigmoid_half_texture3d,,16,0.53
1b,8da4w,parent,rms_norm_texture3d_half,,33,0.487
1b,8da4w,parent,clone_buffer_to_image_half_half,,17,0.411
1b,8da4w,parent,quantize_and_pack_4h4w_with_group_sums_o2w32_buffer_texture3d_half_zpint8,2048x2048x8192,16,0.334
1b,8da4w,parent,rotary_embedding_texture3d_half,,16,0.245
1b,8da4w,parent,sdpa_kv_cache_update_buffer_buffer_half,,32,0.244
1b,8da4w,parent,quantize_and_pack_4h4w_with_group_sums_o2w32_buffer_texture3d_half_zpint8,2048x2048x2048,32,0.21
1b,8da4w,parent,quantize_and_pack_4h4w_with_group_sums_o2w32_buffer_texture3d_half_zpint8,2048x512x2048,32,0.203
1b,8da4w,parent,quantize_and_pack_4h4w_with_group_sums_o2w32_buffer_texture3d_half_zpint8,2048x8192x2048,32,0.203
1b,8da4w,parent,linear_dq8ca_q4gsw_coop_buffer_texture2d_half_zpint8,1x128256x2048,1,0.197
1b,8da4w,parent,buffer_to_nchw_half_float,1x128256x2048,1,0.093
1b,8da4w,parent,embedding_q4gsw_buffer_half,1x2048x2048,1,0.062
1b,8da4w,parent,slice_ubo_texture3d_half,,2,0.01
1b,8da4w,parent,nchw_to_buffer_int32_int32,,1,0.003
1b,8da4w,parent,select_texture3d_half,,1,0.002
1b,8da4w,parent,nchw_to_image_texture3d_int32_int32,,1,0.002
3b,4w,cand,sarc_linear_q4gsw_coopmat_t256x128k32g24s32f32cbt_texture3d_texture2d_half,2048x8192x3072,56,71.492
3b,4w,cand,sarc_linear_q4gsw_coopmat_t256x128k32g24s32f32cbt_texture3d_texture2d_half,2048x3072x8192,28,31.024
3b,4w,cand,sarc_linear_q4gsw_coopmat_t256x128k32g24s32f32cbt_texture3d_texture2d_half,2048x3072x3072,56,25.592
3b,4w,cand,sarc_sdpa_av_coopmat_sweep_t64x64k32g42s32_buffer_buffer_half,,28,12.937
3b,4w,cand,sarc_linear_q4gsw_coopmat_t256x128k32g24s32f32cbt_texture3d_texture2d_half,2048x1024x3072,56,12.343
3b,4w,cand,sarc_sdpa_qk_coopmat_pk_t128x128k32g42s32nf_buffer_buffer_half,,28,9.69
3b,4w,cand,sarc_sdpa_attn_weights_softmax_buffer_half_780m_r3,,28,9.272
3b,4w,cand,view_texture_half,,112,3.657
3b,4w,cand,binary_mul_texture3d_half,,56,3.336
3b,4w,cand,clone_image_to_buffer_half_half,,85,1.666
3b,4w,cand,binary_add_texture3d_half,,56,1.543
3b,4w,cand,rms_norm_texture3d_half,,57,1.223
3b,4w,cand,sigmoid_half_texture3d,,28,0.902
3b,4w,cand,clone_buffer_to_image_half_half,,29,0.874
3b,4w,cand,sdpa_kv_cache_update_buffer_buffer_half,,56,0.602
3b,4w,cand,rotary_embedding_texture3d_half,,28,0.407
3b,4w,cand,q4gsw_linear_gemv_coop__w_4x8_nc_buffer_g8w8_buffer_half,1x128256x3072,1,0.289
3b,4w,cand,buffer_to_nchw_half_float,1x128256x3072,1,0.092
3b,4w,cand,embedding_q4gsw_buffer_half,1x3072x2048,1,0.073
3b,4w,cand,slice_ubo_texture3d_half,,2,0.011
3b,4w,cand,nchw_to_buffer_int32_int32,,1,0.003
3b,4w,cand,select_texture3d_half,,1,0.002
3b,4w,cand,nchw_to_image_texture3d_int32_int32,,1,0.002
3b,4w,parent,sarc_linear_q4gsw_coopmat_t256x128k32g24s32f32cbt_texture3d_texture2d_half,2048x8192x3072,56,71.124
3b,4w,parent,sarc_linear_q4gsw_coopmat_t256x128k32g24s32f32cbt_texture3d_texture2d_half,2048x3072x8192,28,30.733
3b,4w,parent,sarc_linear_q4gsw_coopmat_t256x128k32g24s32f32cbt_texture3d_texture2d_half,2048x3072x3072,56,25.338
3b,4w,parent,sarc_sdpa_qk_coopmat_t128x64k32g22s64_buffer_buffer_half,,28,17.385
3b,4w,parent,sarc_sdpa_av_coopmat_t64x64k32g22s64_buffer_buffer_half,,28,14.867
3b,4w,parent,sarc_linear_q4gsw_coopmat_t256x128k32g24s32f32cbt_texture3d_texture2d_half,2048x1024x3072,56,12.166
3b,4w,parent,sarc_sdpa_attn_weights_softmax_buffer_half,,28,11.829
3b,4w,parent,view_texture_half,,112,3.614
3b,4w,parent,binary_mul_texture3d_half,,56,3.297
3b,4w,parent,clone_image_to_buffer_half_half,,85,1.644
3b,4w,parent,binary_add_texture3d_half,,56,1.546
3b,4w,parent,rms_norm_texture3d_half,,57,1.244
3b,4w,parent,sigmoid_half_texture3d,,28,0.905
3b,4w,parent,clone_buffer_to_image_half_half,,29,0.874
3b,4w,parent,sdpa_kv_cache_update_buffer_buffer_half,,56,0.599
3b,4w,parent,rotary_embedding_texture3d_half,,28,0.406
3b,4w,parent,q4gsw_linear_gemv_coop__w_4x8_nc_buffer_g8w8_buffer_half,1x128256x3072,1,0.285
3b,4w,parent,buffer_to_nchw_half_float,1x128256x3072,1,0.092
3b,4w,parent,embedding_q4gsw_buffer_half,1x3072x2048,1,0.08
3b,4w,parent,slice_ubo_texture3d_half,,2,0.012
3b,4w,parent,nchw_to_buffer_int32_int32,,1,0.003
3b,4w,parent,select_texture3d_half,,1,0.003
3b,4w,parent,nchw_to_image_texture3d_int32_int32,,1,0.002
3b,8da4w,cand,sarc_linear_dq8ca_coopmat_zpg_sweep_t256x64k32g24s32_texture3d_texture2d_half,2048x8192x3072,56,60.33
3b,8da4w,cand,sarc_linear_dq8ca_coopmat_zpg_sweep_t256x64k32g24s32_texture3d_texture2d_half,2048x3072x8192,28,29.414
3b,8da4w,cand,sarc_linear_dq8ca_coopmat_zpg_sweep_t256x64k32g24s32_texture3d_texture2d_half,2048x3072x3072,56,22.466
3b,8da4w,cand,sarc_sdpa_av_coopmat_sweep_t64x64k32g42s32_buffer_buffer_half,,28,13.077
3b,8da4w,cand,sarc_sdpa_qk_coopmat_pk_t128x128k32g42s32nf_buffer_buffer_half,,28,9.675
3b,8da4w,cand,sarc_sdpa_attn_weights_softmax_buffer_half_780m_r3,,28,9.245
3b,8da4w,cand,sarc_linear_dq8ca_coopmat_zpg_t128x64k32g42s32_texture3d_texture2d_half,2048x1024x3072,56,9.023
3b,8da4w,cand,view_texture_half,,112,3.709
3b,8da4w,cand,choose_qparams_per_row_texture3d_half_zpint8,,197,3.637
3b,8da4w,cand,binary_mul_texture3d_half,,56,3.224
3b,8da4w,cand,clone_image_to_buffer_half_half,,85,1.733
3b,8da4w,cand,binary_add_texture3d_half,,56,1.605
3b,8da4w,cand,rms_norm_texture3d_half,,57,1.211
3b,8da4w,cand,sigmoid_half_texture3d,,28,0.887
3b,8da4w,cand,clone_buffer_to_image_half_half,,29,0.869
3b,8da4w,cand,sdpa_kv_cache_update_buffer_buffer_half,,56,0.687
3b,8da4w,cand,quantize_and_pack_4h4w_with_group_sums_o2w32_buffer_texture3d_half_zpint8,2048x3072x8192,28,0.57
3b,8da4w,cand,quantize_and_pack_4h4w_with_group_sums_o2w32_buffer_texture3d_half_zpint8,2048x3072x3072,56,0.554
3b,8da4w,cand,rotary_embedding_texture3d_half,,28,0.489
3b,8da4w,cand,quantize_and_pack_4h4w_with_group_sums_o2w32_buffer_texture3d_half_zpint8,2048x8192x3072,56,0.455
3b,8da4w,cand,quantize_and_pack_4h4w_with_group_sums_o2w32_buffer_texture3d_half_zpint8,2048x1024x3072,56,0.45
3b,8da4w,cand,linear_dq8ca_q4gsw_coop_buffer_texture2d_half_zpint8,1x128256x3072,1,0.287
3b,8da4w,cand,buffer_to_nchw_half_float,1x128256x3072,1,0.092
3b,8da4w,cand,embedding_q4gsw_buffer_half,1x3072x2048,1,0.078
3b,8da4w,cand,slice_ubo_texture3d_half,,2,0.012
3b,8da4w,cand,nchw_to_buffer_int32_int32,,1,0.003
3b,8da4w,cand,select_texture3d_half,,1,0.003
3b,8da4w,cand,nchw_to_image_texture3d_int32_int32,,1,0.002
3b,8da4w,parent,sarc_linear_dq8ca_coopmat_zpg_t128x64k32g42s32_texture3d_texture2d_half,2048x8192x3072,56,62.629
3b,8da4w,parent,sarc_linear_dq8ca_coopmat_zpg_t128x64k32g42s32_texture3d_texture2d_half,2048x3072x8192,28,30.464
3b,8da4w,parent,sarc_linear_dq8ca_coopmat_zpg_t128x64k32g42s32_texture3d_texture2d_half,2048x3072x3072,56,23.413
3b,8da4w,parent,sarc_sdpa_qk_coopmat_t128x64k32g22s64_buffer_buffer_half,,28,17.555
3b,8da4w,parent,sarc_sdpa_av_coopmat_t64x64k32g22s64_buffer_buffer_half,,28,14.981
3b,8da4w,parent,sarc_sdpa_attn_weights_softmax_buffer_half,,28,11.8
3b,8da4w,parent,sarc_linear_dq8ca_coopmat_zpg_t128x64k32g42s32_texture3d_texture2d_half,2048x1024x3072,56,9.08
3b,8da4w,parent,view_texture_half,,112,3.718
3b,8da4w,parent,choose_qparams_per_row_texture3d_half_zpint8,,197,3.676
3b,8da4w,parent,binary_mul_texture3d_half,,56,3.257
3b,8da4w,parent,clone_image_to_buffer_half_half,,85,1.743
3b,8da4w,parent,binary_add_texture3d_half,,56,1.585
3b,8da4w,parent,rms_norm_texture3d_half,,57,1.22
3b,8da4w,parent,sigmoid_half_texture3d,,28,0.881
3b,8da4w,parent,clone_buffer_to_image_half_half,,29,0.874
3b,8da4w,parent,sdpa_kv_cache_update_buffer_buffer_half,,56,0.687
3b,8da4w,parent,quantize_and_pack_4h4w_with_group_sums_o2w32_buffer_texture3d_half_zpint8,2048x3072x8192,28,0.574
3b,8da4w,parent,quantize_and_pack_4h4w_with_group_sums_o2w32_buffer_texture3d_half_zpint8,2048x3072x3072,56,0.552
3b,8da4w,parent,rotary_embedding_texture3d_half,,28,0.489
3b,8da4w,parent,quantize_and_pack_4h4w_with_group_sums_o2w32_buffer_texture3d_half_zpint8,2048x8192x3072,56,0.455
3b,8da4w,parent,quantize_and_pack_4h4w_with_group_sums_o2w32_buffer_texture3d_half_zpint8,2048x1024x3072,56,0.45
3b,8da4w,parent,linear_dq8ca_q4gsw_coop_buffer_texture2d_half_zpint8,1x128256x3072,1,0.286
3b,8da4w,parent,buffer_to_nchw_half_float,1x128256x3072,1,0.092
3b,8da4w,parent,embedding_q4gsw_buffer_half,1x3072x2048,1,0.077
3b,8da4w,parent,slice_ubo_texture3d_half,,2,0.012
3b,8da4w,parent,nchw_to_buffer_int32_int32,,1,0.003
3b,8da4w,parent,select_texture3d_half,,1,0.003
3b,8da4w,parent,nchw_to_image_texture3d_int32_int32,,1,0.002
8b,4w,cand,sarc_linear_q4gsw_coopmat_t256x128k32g24s32f32cbt_texture3d_texture2d_half,2048x14336x4096,64,171.484
8b,4w,cand,sarc_linear_q4gsw_coopmat_t256x128k32g24s32f32cbt_texture3d_texture2d_half,2048x4096x14336,32,90.184
8b,4w,cand,sarc_linear_q4gsw_coopmat_t256x128k32g24s32f32cbt_texture3d_texture2d_half,2048x4096x4096,64,52.798
8b,4w,cand,sarc_linear_q4gsw_coopmat_t256x128k32g24s32f32cbt_texture3d_texture2d_half,2048x1024x4096,64,17.517
8b,4w,cand,sarc_sdpa_av_coopmat_sweep_t64x64k32g42s32_buffer_buffer_half,,32,17.18
8b,4w,cand,sarc_sdpa_attn_weights_softmax_buffer_half_780m_r3,,32,15.099
8b,4w,cand,binary_mul_texture3d_half,,64,14.607
8b,4w,cand,sarc_sdpa_qk_coopmat_pk_t128x128k32g42s32nf_buffer_buffer_half,,32,13.863
8b,4w,cand,view_texture_half,,128,5.016
8b,4w,cand,sigmoid_half_texture3d,,32,3.155
8b,4w,cand,binary_add_texture3d_half,,64,2.475
8b,4w,cand,clone_image_to_buffer_half_half,,97,2.324
8b,4w,cand,rms_norm_texture3d_half,,65,1.608
8b,4w,cand,clone_buffer_to_image_half_half,,33,1.28
8b,4w,cand,sdpa_kv_cache_update_buffer_buffer_half,,64,0.689
8b,4w,cand,rotary_embedding_texture3d_half,,32,0.571
8b,4w,cand,q4gsw_linear_gemv_coop__w_4x8_nc_buffer_g8w8_buffer_half,1x128256x4096,1,0.363
8b,4w,cand,embedding_q4gsw_buffer_half,1x4096x2048,1,0.096
8b,4w,cand,buffer_to_nchw_half_float,1x128256x4096,1,0.093
8b,4w,cand,slice_ubo_texture3d_half,,2,0.011
8b,4w,cand,nchw_to_buffer_int32_int32,,1,0.003
8b,4w,cand,select_texture3d_half,,1,0.003
8b,4w,cand,nchw_to_image_texture3d_int32_int32,,1,0.002
8b,4w,parent,sarc_linear_q4gsw_coopmat_t256x128k32g24s32f32cbt_texture3d_texture2d_half,2048x14336x4096,64,171.663
8b,4w,parent,sarc_linear_q4gsw_coopmat_t256x128k32g24s32f32cbt_texture3d_texture2d_half,2048x4096x14336,32,90.273
8b,4w,parent,sarc_linear_q4gsw_coopmat_t256x128k32g24s32f32cbt_texture3d_texture2d_half,2048x4096x4096,64,52.995
8b,4w,parent,sarc_sdpa_qk_coopmat_t128x64k32g22s64_buffer_buffer_half,,32,20.792
8b,4w,parent,sarc_sdpa_av_coopmat_t64x64k32g22s64_buffer_buffer_half,,32,19.797
8b,4w,parent,sarc_sdpa_attn_weights_softmax_buffer_half,,32,18.771
8b,4w,parent,sarc_linear_q4gsw_coopmat_t256x128k32g24s32f32cbt_texture3d_texture2d_half,2048x1024x4096,64,17.543
8b,4w,parent,binary_mul_texture3d_half,,64,14.737
8b,4w,parent,view_texture_half,,128,5.03
8b,4w,parent,sigmoid_half_texture3d,,32,3.113
8b,4w,parent,binary_add_texture3d_half,,64,2.478
8b,4w,parent,clone_image_to_buffer_half_half,,97,2.33
8b,4w,parent,rms_norm_texture3d_half,,65,1.63
8b,4w,parent,clone_buffer_to_image_half_half,,33,1.294
8b,4w,parent,sdpa_kv_cache_update_buffer_buffer_half,,64,0.682
8b,4w,parent,rotary_embedding_texture3d_half,,32,0.571
8b,4w,parent,q4gsw_linear_gemv_coop__w_4x8_nc_buffer_g8w8_buffer_half,1x128256x4096,1,0.37
8b,4w,parent,embedding_q4gsw_buffer_half,1x4096x2048,1,0.098
8b,4w,parent,buffer_to_nchw_half_float,1x128256x4096,1,0.092
8b,4w,parent,slice_ubo_texture3d_half,,2,0.011
8b,4w,parent,nchw_to_buffer_int32_int32,,1,0.003
8b,4w,parent,select_texture3d_half,,1,0.002
8b,4w,parent,nchw_to_image_texture3d_int32_int32,,1,0.002
8b,8da4w,cand,sarc_linear_dq8ca_coopmat_zpg_sweep_t256x64k32g24s32_texture3d_texture2d_half,2048x14336x4096,64,152.723
8b,8da4w,cand,sarc_linear_dq8ca_coopmat_zpg_t128x64k32g42s32_texture3d_texture2d_half,2048x4096x14336,32,80.36
8b,8da4w,cand,sarc_linear_dq8ca_coopmat_zpg_sweep_t128x64k32g22s32_texture3d_texture2d_half,2048x4096x4096,64,46.531
8b,8da4w,cand,sarc_sdpa_av_coopmat_sweep_t64x64k32g42s32_buffer_buffer_half,,32,17.294
8b,8da4w,cand,sarc_sdpa_attn_weights_softmax_buffer_half_780m_r3,,32,14.932
8b,8da4w,cand,binary_mul_texture3d_half,,64,14.219
8b,8da4w,cand,sarc_sdpa_qk_coopmat_pk_t128x128k32g42s32nf_buffer_buffer_half,,32,13.818
8b,8da4w,cand,sarc_linear_dq8ca_coopmat_zpg_sweep_t128x64k32g22s32_texture3d_texture2d_half,2048x1024x4096,64,13.345
8b,8da4w,cand,choose_qparams_per_row_texture3d_half_zpint8,,225,6.118
8b,8da4w,cand,view_texture_half,,128,5.044
8b,8da4w,cand,sigmoid_half_texture3d,,32,2.725
8b,8da4w,cand,binary_add_texture3d_half,,64,2.405
8b,8da4w,cand,clone_image_to_buffer_half_half,,97,2.297
8b,8da4w,cand,rms_norm_texture3d_half,,65,1.611
8b,8da4w,cand,clone_buffer_to_image_half_half,,33,1.284
8b,8da4w,cand,quantize_and_pack_4h4w_with_group_sums_o2w32_buffer_texture3d_half_zpint8,2048x4096x14336,32,1.168
8b,8da4w,cand,quantize_and_pack_4h4w_with_group_sums_o2w32_buffer_texture3d_half_zpint8,2048x4096x4096,64,0.795
8b,8da4w,cand,sdpa_kv_cache_update_buffer_buffer_half,,64,0.765
8b,8da4w,cand,quantize_and_pack_4h4w_with_group_sums_o2w32_buffer_texture3d_half_zpint8,2048x14336x4096,64,0.698
8b,8da4w,cand,quantize_and_pack_4h4w_with_group_sums_o2w32_buffer_texture3d_half_zpint8,2048x1024x4096,64,0.688
8b,8da4w,cand,rotary_embedding_texture3d_half,,32,0.659
8b,8da4w,cand,linear_dq8ca_q4gsw_coop_buffer_texture2d_half_zpint8,1x128256x4096,1,0.348
8b,8da4w,cand,embedding_q4gsw_buffer_half,1x4096x2048,1,0.104
8b,8da4w,cand,buffer_to_nchw_half_float,1x128256x4096,1,0.092
8b,8da4w,cand,slice_ubo_texture3d_half,,2,0.012
8b,8da4w,cand,nchw_to_buffer_int32_int32,,1,0.003
8b,8da4w,cand,select_texture3d_half,,1,0.003
8b,8da4w,cand,nchw_to_image_texture3d_int32_int32,,1,0.002
8b,8da4w,parent,sarc_linear_dq8ca_coopmat_zpg_t128x64k32g42s32_texture3d_texture2d_half,2048x14336x4096,64,161.333
8b,8da4w,parent,sarc_linear_dq8ca_coopmat_zpg_t128x64k32g42s32_texture3d_texture2d_half,2048x4096x14336,32,82.298
8b,8da4w,parent,sarc_linear_dq8ca_coopmat_zpg_t128x64k32g42s32_texture3d_texture2d_half,2048x4096x4096,64,48.228
8b,8da4w,parent,sarc_sdpa_qk_coopmat_t128x64k32g22s64_buffer_buffer_half,,32,20.905
8b,8da4w,parent,sarc_sdpa_av_coopmat_t64x64k32g22s64_buffer_buffer_half,,32,19.833
8b,8da4w,parent,sarc_sdpa_attn_weights_softmax_buffer_half,,32,18.959
8b,8da4w,parent,binary_mul_texture3d_half,,64,14.195
8b,8da4w,parent,sarc_linear_dq8ca_coopmat_zpg_t128x64k32g42s32_texture3d_texture2d_half,2048x1024x4096,64,13.848
8b,8da4w,parent,choose_qparams_per_row_texture3d_half_zpint8,,225,6.139
8b,8da4w,parent,view_texture_half,,128,5.141
8b,8da4w,parent,sigmoid_half_texture3d,,32,2.766
8b,8da4w,parent,binary_add_texture3d_half,,64,2.415
8b,8da4w,parent,clone_image_to_buffer_half_half,,97,2.329
8b,8da4w,parent,rms_norm_texture3d_half,,65,1.65
8b,8da4w,parent,clone_buffer_to_image_half_half,,33,1.304
8b,8da4w,parent,quantize_and_pack_4h4w_with_group_sums_o2w32_buffer_texture3d_half_zpint8,2048x4096x14336,32,1.167
8b,8da4w,parent,quantize_and_pack_4h4w_with_group_sums_o2w32_buffer_texture3d_half_zpint8,2048x4096x4096,64,0.819
8b,8da4w,parent,sdpa_kv_cache_update_buffer_buffer_half,,64,0.773
8b,8da4w,parent,quantize_and_pack_4h4w_with_group_sums_o2w32_buffer_texture3d_half_zpint8,2048x14336x4096,64,0.704
8b,8da4w,parent,quantize_and_pack_4h4w_with_group_sums_o2w32_buffer_texture3d_half_zpint8,2048x1024x4096,64,0.69
8b,8da4w,parent,rotary_embedding_texture3d_half,,32,0.659
8b,8da4w,parent,linear_dq8ca_q4gsw_coop_buffer_texture2d_half_zpint8,1x128256x4096,1,0.347
8b,8da4w,parent,embedding_q4gsw_buffer_half,1x4096x2048,1,0.103
8b,8da4w,parent,buffer_to_nchw_half_float,1x128256x4096,1,0.093
8b,8da4w,parent,slice_ubo_texture3d_half,,2,0.012
8b,8da4w,parent,nchw_to_buffer_int32_int32,,1,0.003
8b,8da4w,parent,select_texture3d_half,,1,0.003
8b,8da4w,parent,nchw_to_image_texture3d_int32_int32,,1,0.002
