device,model,arm,kind,n_valid,n_invalid,tok_s_median,tok_s_min,tok_s_max,spread_pct,prefill_ms_median,session
b580,1b,sy-lb-default,lb,5,0,11967.10,11625.70,12222.10,4.98,,sycl-screen1
b580,1b,sy-lb-ub1024-fa-off,lb,5,0,6488.90,6334.20,6594.70,4.01,,sycl-screen1
b580,1b,sy-lb-ub1024-fa-on,lb,5,0,13688.90,13428.90,14074.50,4.72,,sycl-screen1
b580,1b,sy-lb-ub2048-fa-off,lb,5,0,5914.10,5826.40,5952.40,2.13,,sycl-screen1
b580,1b,sy-lb-ub2048-fa-on,lb,5,0,14856.00,14570.50,15019.90,3.03,,sycl-screen1
b580,1b,sy-lb-ub512-fa-off,lb,5,0,6355.60,6350.20,6479.90,2.04,,sycl-screen1
b580,1b,sy-lc-default,lc,0,4,,,,,,sycl-screen1
b580,1b,sy-lc-ub1024-fa-off,lc,3,0,4851.84,4827.48,4861.24,0.70,422.11,sycl-screen1
b580,1b,sy-lc-ub1024-fa-on,lc,0,4,,,,,,sycl-screen1
b580,1b,sy-lc-ub2048-fa-off,lc,3,0,4960.22,4904.66,4999.40,1.91,412.88,sycl-screen1
b580,1b,sy-lc-ub2048-fa-on,lc,0,4,,,,,,sycl-screen1
b580,1b,sy-lc-ub512-fa-off,lc,3,0,4002.71,3943.95,4034.90,2.27,511.65,sycl-screen1
