model,scheme,build,dispatch_ms,graph_ms,n_dispatch,executions
1b,4w,cand,90.19,90.621,459,15
1b,4w,parent,89.673,90.137,459,15
1b,8da4w,cand,84.586,85.15,684,15
1b,8da4w,parent,83.685,84.176,684,15
3b,4w,cand,198.75,199.339,795,15
3b,4w,parent,199.268,199.847,795,15
3b,8da4w,cand,184.47,185.014,1188,15
3b,8da4w,parent,185.553,186.12,1188,15
8b,4w,cand,423.452,424.079,907,15
8b,4w,parent,421.889,422.486,907,15
8b,8da4w,cand,384.981,385.551,1356,15
8b,8da4w,parent,392.507,393.109,1356,15
