gpu,model,scheme,stock_n,stock_median,stock_min,stock_max,stock_ci_lo,stock_ci_hi,stock_spread_pct,sarc_n,sarc_median,sarc_min,sarc_max,sarc_ci_lo,sarc_ci_hi,sarc_spread_pct,speedup,speedup_unpaired_ci_lo,speedup_unpaired_ci_hi,speedup_ci_lo,speedup_ci_hi,n_pairs,median_paired_ratio,gpu_label,model_label
780m,1b,4w,5,2329.92,2324.63,2332.57,2324.63,2332.57,0.341559732086405,5,2691.2,2687.66,2694.74,2687.66,2694.74,0.26342617741828,1.1550611179782995,1.1535417525065237,1.1576896108197863,1.1535417525065237,1.1565804834500755,5,1.155266508614961,Radeon 780M,Llama 3.2 1B
780m,3b,4w,5,962.858,962.406,963.311,962.406,963.311,0.0940351577193077,5,1139.04,1139.04,1139.68,1139.04,1139.68,0.05618766680715037,1.1829781753903483,1.1824218762165073,1.183642863225938,1.1824218762165073,1.184198768503106,5,1.1829781753903483,Radeon 780M,Llama 3.2 3B
780m,8b,4w,5,426.4,426.045,427.825,426.045,427.825,0.41779624218099,5,515.739,513.283,515.999,513.283,515.999,0.5291427925725234,1.2095192307692308,1.2037593808630396,1.2105270570010211,1.2022537441384382,1.2108321890880072,5,1.2086069418386494,Radeon 780M,Llama 3.1 8B
b580,1b,4w,5,5818.18,5818.18,5834.76,5818.18,5834.76,0.28496883905275716,5,8462.81,8462.81,8462.81,8462.81,8462.81,0.0,1.4545459232956008,1.4504126990655999,1.4545459232956008,1.4504126990655999,1.4545459232956008,5,1.4545459232956008,Arc B580,Llama 3.2 1B
b580,3b,4w,5,1872.03,1870.32,1872.03,1870.32,1872.03,0.09142820479917102,5,3340.95,3330.08,3357.38,3330.08,3357.38,0.8198001249219322,1.7846669123892245,1.77886038151098,1.7934434811407938,1.77886038151098,1.7950831943196888,5,1.7846669123892245,Arc B580,Llama 3.2 3B
b580,8b,4w,5,979.904,979.436,980.373,979.436,980.373,0.09566730240668786,5,1680.07,1678.69,1682.83,1678.69,1682.83,0.2466208769933642,1.7145250963359675,1.7131167951146236,1.7173416987786558,1.7131167951146236,1.7173416987786558,5,1.715102313099198,Arc B580,Llama 3.1 8B
b70,1b,4w,5,8258.06,8031.37,8325.2,8031.37,8325.2,3.6585289931854836,5,11377.8,11191.3,11570.6,11191.3,11570.6,3.3892398559595582,1.377781222224106,1.3551972254984828,1.4166698832204219,1.3551972254984828,1.4166698832204219,5,1.3833359676105483,Arc Pro B70,Llama 3.2 1B
b70,3b,4w,5,2716.18,2712.58,2727.03,2712.58,2727.03,0.5327031829476025,5,4697.25,4675.8,4718.89,4675.8,4718.89,0.9215535309465839,1.7293588790139094,1.7214617587936,1.7373259504156575,1.7214617587936,1.7373259504156575,5,1.7254011148009338,Arc Pro B70,Llama 3.2 3B
b70,8b,4w,5,1488.37,1487.29,1490.54,1487.29,1490.54,0.2185182445925138,5,2373.12,2359.45,2373.12,2359.45,2373.12,0.579372311343751,1.5944422421844031,1.585257698018638,1.595600051099651,1.5841082278693477,1.595600051099651,5,1.5944422421844031,Arc Pro B70,Llama 3.1 8B
4070ti,1b,4w,5,20078.4,20078.4,20078.4,20078.4,20078.4,0.0,5,20078.4,19692.3,20078.4,19692.3,20078.4,1.9606648283847061,1.0,0.9807703801099689,1.0,0.9807703801099689,1.0,5,1.0,RTX 4070 Ti SUPER,Llama 3.2 1B
4070ti,3b,4w,5,8982.46,8943.23,8982.46,8943.23,8982.46,0.4386558324005918,5,8677.97,8641.35,8714.89,8641.35,8714.89,0.8510244348394425,0.9661017137844199,0.9620248795986847,0.9703395752988573,0.9620248795986847,0.9703395752988573,5,0.9702119463933043,RTX 4070 Ti SUPER,Llama 3.2 3B
4070ti,8b,4w,5,4708.05,4708.05,4718.89,4708.05,4718.89,0.230243943883357,5,4452.17,4442.52,4452.17,4442.52,4452.17,0.21721905585116996,0.9456505347224434,0.943478233228577,0.9456505347224434,0.9414332607880244,0.9456505347224434,5,0.9456505347224434,RTX 4070 Ti SUPER,Llama 3.1 8B
orin,1b,4w,5,876.712,876.712,876.712,876.712,876.712,0.0,5,890.822,890.435,891.21,890.435,891.21,0.08703611156346547,1.0160942247853344,1.015652802744801,1.0165367874512954,1.015652802744801,1.0165367874512954,5,1.0160942247853344,Jetson Orin Nano,Llama 3.2 1B
orin,3b,4w,5,351.046,350.985,351.166,350.985,351.166,0.051569155377007014,5,357.979,357.979,358.105,357.979,358.105,0.035197595389679925,1.0197495484922203,1.0194010809702534,1.0201084758122867,1.0197495484922203,1.0199290121522535,5,1.0199267774976137,Jetson Orin Nano,Llama 3.2 3B
orin,8b,4w,5,187.976,187.942,188.011,187.942,188.011,0.03671345415074967,5,188.843,188.773,188.86,188.773,188.86,0.0460870993203466,1.004612290930757,1.004239902966336,1.0048844856391865,1.0044215768694598,1.004702728007831,5,1.0046078045354416,Jetson Orin Nano,Llama 3.1 8B
780m,1b,8da4w,5,2534.65,2531.52,2534.65,2531.52,2534.65,0.12364113260017184,5,2534.65,2534.65,2534.65,2534.65,2534.65,0.0,1.0,1.0,1.0012364113260017,1.0,1.0012364113260017,5,1.0,Radeon 780M,Llama 3.2 1B
780m,3b,8da4w,5,1048.11,1047.57,1051.33,1047.57,1051.33,0.3589258951669061,5,1050.26,1048.11,1050.8,1048.11,1050.8,0.2566524506015577,1.0020513114081537,0.9974413362122266,1.0025678474946782,0.996937212863706,1.0030833261739072,5,1.0020513114081537,Radeon 780M,Llama 3.2 3B
780m,8b,8da4w,5,483.475,482.905,484.161,482.905,484.161,0.26009256479018195,5,483.361,483.019,484.275,483.019,484.275,0.26003117889772387,0.9997642070427633,0.9983476570810123,1.0016546874192047,0.997641280483145,1.001182543833716,5,1.000944285107837,Radeon 780M,Llama 3.1 8B
b580,1b,8da4w,5,7340.5,7314.29,7340.5,7314.29,7340.5,0.35833963378537614,5,8752.14,8714.89,8752.14,8714.89,8752.14,0.42742937661863767,1.1923084258565493,1.187233839656699,1.1965809395033558,1.187233839656699,1.1965809395033558,5,1.1923084258565493,Arc B580,Llama 3.2 1B
b580,3b,8da4w,5,2848.4,2848.4,2852.37,2848.4,2852.37,0.13937649206572367,5,3459.46,3453.63,3459.46,3453.63,3459.46,0.16880789198610024,1.2145274540092683,1.2124806909141974,1.2145274540092683,1.2107931299235373,1.2145274540092683,5,1.2145274540092683,Arc B580,Llama 3.2 3B
b580,8b,8da4w,5,1363.52,1362.61,1363.52,1362.61,1363.52,0.0667835991222887,5,1826.94,1825.31,1828.57,1825.31,1828.57,0.17859979948611215,1.3398703356019714,1.3386749002581553,1.3410657709457874,1.3386749002581553,1.3419613829342218,5,1.3398703356019714,Arc B580,Llama 3.1 8B
b70,1b,8da4w,5,10343.4,10039.2,10343.4,10039.2,10343.4,3.0301219220654874,5,12190.5,12118.3,12190.5,12118.3,12190.5,0.5957931393017146,1.1785776437148328,1.1715973471005665,1.2142899832655987,1.1715973471005665,1.2142899832655987,5,1.1785776437148328,Arc Pro B70,Llama 3.2 1B
b70,3b,8da4w,5,4293.5,4284.52,4311.58,4284.52,4311.58,0.6315759991784242,5,5120.0,5069.31,5158.69,5069.31,5158.69,1.7631590887122517,1.1925002911377665,1.1806940724350763,1.2015115872831024,1.1806940724350763,1.2015115872831024,5,1.1874997100830786,Arc Pro B70,Llama 3.2 3B
b70,8b,8da4w,5,2107.0,2104.83,2111.34,2104.83,2111.34,0.30928863613690627,5,2687.66,2687.66,2691.2,2687.66,2691.2,0.13171308870914,1.2755861414333174,1.2729640891566492,1.277266255339345,1.2729640891566492,1.277266255339345,5,1.2755861414333174,Arc Pro B70,Llama 3.1 8B
4070ti,1b,8da4w,5,19692.3,19320.8,19692.3,19320.8,19692.3,1.9227982278166467,5,21557.9,21557.9,21557.9,21557.9,21557.9,0.0,1.0947375370068506,1.0947375370068506,1.115787130967662,1.0947375370068506,1.115787130967662,5,1.0947375370068506,RTX 4070 Ti SUPER,Llama 3.2 1B
4070ti,3b,8da4w,5,8427.98,8427.98,8462.81,8427.98,8462.81,0.41326628682081257,5,9615.02,9615.02,9615.02,9615.02,9615.02,0.0,1.1408451372689543,1.136149813123537,1.1408451372689543,1.136149813123537,1.1408451372689543,5,1.1408451372689543,RTX 4070 Ti SUPER,Llama 3.2 3B
4070ti,8b,8da4w,5,4266.67,4266.67,4275.57,4266.67,4275.57,0.2085935870362432,5,4970.87,4970.87,4982.97,4970.87,4982.97,0.24341815416617507,1.1650467460572296,1.1626215919748712,1.1678826813416552,1.1626215919748712,1.1678826813416552,4,1.1650467460572296,RTX 4070 Ti SUPER,Llama 3.1 8B
orin,1b,8da4w,5,577.878,577.715,578.041,577.715,578.041,0.05642920817359176,5,823.813,823.482,823.813,823.482,823.813,0.04019517123627914,1.4255829085031788,1.4246082890314007,1.425985131076742,1.4250101232440064,1.4255829085031788,5,1.4251809127726232,Jetson Orin Nano,Llama 3.2 1B
orin,3b,8da4w,5,210.83,210.656,211.33,210.656,211.33,0.31995290900805884,5,318.457,318.358,318.557,318.358,318.557,0.06250824543438949,1.5104918654840391,1.506918090190697,1.5117395184566307,1.506918090190697,1.5122142260367615,5,1.5100222928425746,Jetson Orin Nano,Llama 3.2 3B
orin,8b,8da4w,5,99.1,99.0712,99.1288,99.0712,99.1288,0.058140004360485165,5,169.86,169.846,169.874,169.846,169.874,0.016485522178899537,1.7140262361251264,1.7135282581853106,1.714582744559732,1.7135282581853106,1.714582744559732,5,1.7140262361251264,Jetson Orin Nano,Llama 3.1 8B
