id,space,fam,M,N,K,sx,sy,S,layout,img_a,img_w,drain,acc,nf,a_raw,b_pair,cia,du,bsel,compiled,shared_bytes,legal,run
250192,8da4w,zpgtr,128,128,64,4,8,16,-,-,-,-,-,-,1,1,1,1,2,1,35328,1,1
250183,8da4w,zpgtr,128,128,64,8,4,16,-,-,-,-,-,-,0,1,1,1,2,1,35328,1,1
250053,8da4w,zpgtr,128,64,32,4,4,16,-,-,-,-,-,-,1,1,0,0,2,1,18176,1,1
250259,8da4w,zpgtr,128,64,32,4,4,16,-,-,-,-,-,-,1,1,1,1,0,1,14080,1,1
250252,8da4w,zpgtr,128,64,32,4,4,16,-,-,-,-,-,-,1,1,1,1,2,1,14080,1,1
250166,8da4w,zpgtr,128,64,32,4,4,16,-,-,-,-,-,-,1,1,1,0,2,1,14080,1,1
250144,8da4w,zpgtr,128,64,32,2,8,16,-,-,-,-,-,-,1,1,1,1,0,1,14080,1,1
250096,8da4w,zpgtr,256,64,32,4,8,16,-,-,-,-,-,-,1,0,1,0,2,1,23296,1,1
250194,8da4w,zpgtr,256,64,32,4,8,16,-,-,-,-,-,-,1,0,1,0,1,1,23296,1,1
250151,8da4w,zpgtr,128,64,32,2,8,16,-,-,-,-,-,-,1,1,0,1,2,1,22272,1,1
250088,8da4w,zpgtr,128,128,64,4,8,16,-,-,-,-,-,-,0,1,1,0,2,1,35328,1,1
250231,8da4w,zpgtr,128,64,64,2,8,16,-,-,-,-,-,-,1,1,1,1,2,1,26368,1,1
200147,8da4w,zpgtr,128,128,64,4,8,16,-,-,-,-,-,-,0,1,1,1,2,1,35328,1,1
200290,8da4w,xe2bt,128,64,32,2,8,16,-,-,-,-,-,-,-,-,-,-,-,1,22272,1,1
250121,8da4w,zpgtr,128,64,32,2,8,16,-,-,-,-,-,-,1,1,0,0,2,1,22272,1,1
250209,8da4w,zpgtr,256,64,32,4,8,16,-,-,-,-,-,-,1,0,0,1,1,1,31488,1,1
201626,8da4w,zpgtr,256,64,32,4,8,16,-,-,-,-,-,-,1,0,0,1,2,1,31488,1,1
250236,8da4w,zpgtr,256,64,32,4,8,16,-,-,-,-,-,-,1,0,0,0,2,1,31488,1,1
