device,model,arm,kind,n_valid,n_invalid,tok_s_median,tok_s_min,tok_s_max,spread_pct,prefill_ms_median,session,n_accepted,clk_med_mhz
rx7600,1b,sarc-4w,et,5,0,7846.74,7816.79,7846.74,0.38,261.00,rx7600-1-quiet,0,2539
rx7600,1b,sarc-8da4w,et,5,0,7314.29,7314.29,7340.50,0.36,280.00,rx7600-1-quiet,0,2587
rx7600,1b,stock-4w,et,5,0,2708.99,2698.29,2712.58,0.53,756.00,rx7600-1-quiet,0,2448
rx7600,1b,stock-8da4w,et,5,0,3799.63,3771.64,3835.21,1.67,539.00,rx7600-1-quiet,0,2540
rx7600,1b,tuned-4w,et,5,0,10502.60,10449.00,10502.60,0.51,195.00,rx7600-1-quiet,0,2531
rx7600,1b,tuned-8da4w,et,5,0,10291.50,10240.00,10291.50,0.50,199.00,rx7600-1-quiet,0,2536
rx7600,1b,lb-q4_0-best,lb,5,0,5882.00,5859.80,5888.20,0.48,,rx7600-1-quiet,0,2458
rx7600,1b,lb-q4_0-default,lb,5,0,5842.40,5832.80,5860.90,0.48,,rx7600-1-quiet,0,2490
rx7600,1b,lb-q4_k_m-best,lb,5,0,4966.30,4960.10,4973.40,0.27,,rx7600-1-quiet,0,2466
rx7600,1b,lb-q4_k_m-default,lb,5,0,5006.40,4993.10,5012.60,0.39,,rx7600-1-quiet,0,2477
rx7600,1b,lc-q4_0-best,lc,5,0,5618.25,5556.05,5858.22,5.38,364.53,rx7600-1-quiet,0,2502
rx7600,1b,lc-q4_0-default,lc,5,0,5454.89,5296.71,5540.03,4.46,375.44,rx7600-1-quiet,0,2532
rx7600,1b,lc-q4_k_m-best,lc,5,0,4708.62,4703.00,4902.28,4.23,434.95,rx7600-1-quiet,0,2474
rx7600,1b,lc-q4_k_m-default,lc,5,0,4696.03,4609.52,4936.43,6.96,436.11,rx7600-1-quiet,0,2508
rx7600,3b,sarc-4w,et,5,0,3297.91,3292.60,3303.23,0.32,621.00,rx7600-2,0,2521
rx7600,3b,sarc-8da4w,et,5,0,3084.34,3079.70,3084.34,0.15,664.00,rx7600-2,0,2576
rx7600,3b,stock-4w,et,5,0,975.24,969.70,977.10,0.76,2100.00,rx7600-2,0,2431
rx7600,3b,stock-8da4w,et,5,0,1386.59,1378.20,1402.74,1.77,1477.00,rx7600-2,0,2560
rx7600,3b,tuned-4w,et,5,0,3992.20,3984.44,4000.00,0.39,513.00,rx7600-2,0,2512
rx7600,3b,tuned-8da4w,et,5,0,3961.32,3953.67,3961.32,0.19,517.00,rx7600-2,0,2530
rx7600,3b,lb-q4_0-best,lb,5,0,2284.20,2269.90,2292.90,1.01,,rx7600-1-quiet,0,2481
rx7600,3b,lb-q4_0-default,lb,5,0,2448.90,2444.30,2450.00,0.23,,rx7600-1-quiet,0,2458
rx7600,3b,lb-q4_k_m-best,lb,5,0,1917.40,1909.50,1923.80,0.75,,rx7600-1-quiet,0,2475
rx7600,3b,lb-q4_k_m-default,lb,5,0,2038.60,2038.20,2039.40,0.06,,rx7600-1-quiet,0,2452
rx7600,3b,lc-q4_0-best,lc,5,0,2278.22,2254.81,2300.88,2.02,898.95,rx7600-2,0,2487
rx7600,3b,lc-q4_0-default,lc,5,0,2375.76,2365.93,2381.43,0.65,862.04,rx7600-2,0,2466
rx7600,3b,lc-q4_k_m-best,lc,5,0,1906.96,1882.16,1913.52,1.64,1073.96,rx7600-2,0,2484
rx7600,3b,lc-q4_k_m-default,lc,5,0,2031.06,1987.56,2032.40,2.21,1008.34,rx7600-2,0,2467
rx7600,8b,sarc-4w,et,5,0,1518.16,1518.16,1519.29,0.07,1349.00,rx7600-1-quiet,0,2497
rx7600,8b,sarc-8da4w,et,5,0,1403.70,1401.78,1403.70,0.14,1459.00,rx7600-1-quiet,0,2567
rx7600,8b,stock-4w,et,0,8,,,,,,rx7600-1-quiet,0,
rx7600,8b,stock-8da4w,et,5,0,729.61,722.14,737.49,2.10,2807.00,rx7600-1-quiet,0,2470
rx7600,8b,tuned-4w,et,5,0,1750.43,1748.93,1751.92,0.17,1170.00,rx7600-1-quiet,0,2495
rx7600,8b,tuned-8da4w,et,5,0,1741.50,1738.54,1741.50,0.17,1176.00,rx7600-1-quiet,0,2527
rx7600,8b,lb-q4_0-best,lb,5,0,54.10,53.80,54.60,1.48,,rx7600-1-quiet,0,2928
rx7600,8b,lb-q4_0-default,lb,5,0,95.30,94.80,95.60,0.84,,rx7600-1-quiet,0,2927
rx7600,8b,lb-q4_k_m-best,lb,5,0,53.50,53.40,53.70,0.56,,rx7600-1-quiet,0,2929
rx7600,8b,lb-q4_k_m-default,lb,5,0,94.00,93.80,95.10,1.38,,rx7600-1-quiet,0,2928
rx7600,8b,lc-q4_0-best,lc,5,0,1120.03,1116.91,1122.65,0.51,1828.53,rx7600-1-quiet,0,2440
rx7600,8b,lc-q4_0-default,lc,5,0,1150.27,1147.34,1156.74,0.82,1780.44,rx7600-1-quiet,0,2438
rx7600,8b,lc-q4_k_m-best,lc,5,0,914.08,912.91,916.73,0.42,2240.50,rx7600-1-quiet,0,2438
rx7600,8b,lc-q4_k_m-default,lc,5,0,940.58,936.54,941.23,0.50,2177.38,rx7600-1-quiet,0,2436
