gpu,model,scheme,build,kernel,count
7900xtx,1b,4w,sarc,embedding_q4gsw_buffer_half,1
7900xtx,1b,4w,sarc,q4gsw_linear_gemv_coop__w_4x8_nc_buffer_g8w8_buffer_half,1
7900xtx,1b,4w,sarc,sarc_linear_q4gsw_coopmat_t256x128k32g24s32f32cbt_texture3d_texture2d_half,112
7900xtx,1b,4w,sarc,sarc_sdpa_attn_weights_softmax_buffer_half,16
7900xtx,1b,4w,sarc,sarc_sdpa_av_coopmat_t64x64k32g22s64_buffer_buffer_half,16
7900xtx,1b,4w,sarc,sarc_sdpa_qk_coopmat_t128x64k32g22s64_buffer_buffer_half,16
7900xtx,1b,4w,sarc,sdpa_kv_cache_update_buffer_buffer_half,32
7900xtx,1b,4w,stock,embedding_q4gsw_buffer_half,1
7900xtx,1b,4w,stock,q4gsw_linear_gemm__tin__w_4x8_nc_texture3d_half,112
7900xtx,1b,4w,stock,q4gsw_linear_gemv_coop__w_4x8_nc_buffer_g8w8_buffer_half,1
7900xtx,1b,4w,stock,sdpa_attn_weights_softmax_buffer_half,16
7900xtx,1b,4w,stock,sdpa_compute_attn_weights_tiled_buffer_buffer_half,16
7900xtx,1b,4w,stock,sdpa_compute_out_tiled_buffer_buffer_half,16
7900xtx,1b,4w,stock,sdpa_kv_cache_update_buffer_buffer_half,32
7900xtx,1b,8da4w,sarc,embedding_q4gsw_buffer_half,1
7900xtx,1b,8da4w,sarc,linear_dq8ca_q4gsw_coop_buffer_texture2d_half_zpint8,1
7900xtx,1b,8da4w,sarc,sarc_linear_dq8ca_coopmat_zpg_t128x64k32g42s32_texture3d_texture2d_half,112
7900xtx,1b,8da4w,sarc,sarc_sdpa_attn_weights_softmax_buffer_half,16
7900xtx,1b,8da4w,sarc,sarc_sdpa_av_coopmat_t64x64k32g22s64_buffer_buffer_half,16
7900xtx,1b,8da4w,sarc,sarc_sdpa_qk_coopmat_t128x64k32g22s64_buffer_buffer_half,16
7900xtx,1b,8da4w,sarc,sdpa_kv_cache_update_buffer_buffer_half,32
7900xtx,1b,8da4w,stock,embedding_q4gsw_buffer_half,1
7900xtx,1b,8da4w,stock,linear_dq8ca_q4gsw_coop_buffer_texture2d_half_zpint8,1
7900xtx,1b,8da4w,stock,linear_dq8ca_q4gsw_tiled_texture3d_texture2d_half_zpint8,112
7900xtx,1b,8da4w,stock,sdpa_attn_weights_softmax_buffer_half,16
7900xtx,1b,8da4w,stock,sdpa_compute_attn_weights_tiled_buffer_buffer_half,16
7900xtx,1b,8da4w,stock,sdpa_compute_out_tiled_buffer_buffer_half,16
7900xtx,1b,8da4w,stock,sdpa_kv_cache_update_buffer_buffer_half,32
7900xtx,3b,4w,sarc,embedding_q4gsw_buffer_half,1
7900xtx,3b,4w,sarc,q4gsw_linear_gemv_coop__w_4x8_nc_buffer_g8w8_buffer_half,1
7900xtx,3b,4w,sarc,sarc_linear_q4gsw_coopmat_t256x128k32g24s32f32cbt_texture3d_texture2d_half,196
7900xtx,3b,4w,sarc,sarc_sdpa_attn_weights_softmax_buffer_half,28
7900xtx,3b,4w,sarc,sarc_sdpa_av_coopmat_t64x64k32g22s64_buffer_buffer_half,28
7900xtx,3b,4w,sarc,sarc_sdpa_qk_coopmat_t128x64k32g22s64_buffer_buffer_half,28
7900xtx,3b,4w,sarc,sdpa_kv_cache_update_buffer_buffer_half,56
7900xtx,3b,4w,stock,embedding_q4gsw_buffer_half,1
7900xtx,3b,4w,stock,q4gsw_linear_gemm__tin__w_4x8_nc_texture3d_half,196
7900xtx,3b,4w,stock,q4gsw_linear_gemv_coop__w_4x8_nc_buffer_g8w8_buffer_half,1
7900xtx,3b,4w,stock,sdpa_attn_weights_softmax_buffer_half,28
7900xtx,3b,4w,stock,sdpa_compute_attn_weights_tiled_buffer_buffer_half,28
7900xtx,3b,4w,stock,sdpa_compute_out_tiled_buffer_buffer_half,28
7900xtx,3b,4w,stock,sdpa_kv_cache_update_buffer_buffer_half,56
7900xtx,3b,8da4w,sarc,embedding_q4gsw_buffer_half,1
7900xtx,3b,8da4w,sarc,linear_dq8ca_q4gsw_coop_buffer_texture2d_half_zpint8,1
7900xtx,3b,8da4w,sarc,sarc_linear_dq8ca_coopmat_zpg_t128x64k32g42s32_texture3d_texture2d_half,196
7900xtx,3b,8da4w,sarc,sarc_sdpa_attn_weights_softmax_buffer_half,28
7900xtx,3b,8da4w,sarc,sarc_sdpa_av_coopmat_t64x64k32g22s64_buffer_buffer_half,28
7900xtx,3b,8da4w,sarc,sarc_sdpa_qk_coopmat_t128x64k32g22s64_buffer_buffer_half,28
7900xtx,3b,8da4w,sarc,sdpa_kv_cache_update_buffer_buffer_half,56
7900xtx,3b,8da4w,stock,embedding_q4gsw_buffer_half,1
7900xtx,3b,8da4w,stock,linear_dq8ca_q4gsw_coop_buffer_texture2d_half_zpint8,1
7900xtx,3b,8da4w,stock,linear_dq8ca_q4gsw_tiled_texture3d_texture2d_half_zpint8,196
7900xtx,3b,8da4w,stock,sdpa_attn_weights_softmax_buffer_half,28
7900xtx,3b,8da4w,stock,sdpa_compute_attn_weights_tiled_buffer_buffer_half,28
7900xtx,3b,8da4w,stock,sdpa_compute_out_tiled_buffer_buffer_half,28
7900xtx,3b,8da4w,stock,sdpa_kv_cache_update_buffer_buffer_half,56
7900xtx,8b,4w,sarc,embedding_q4gsw_buffer_half,1
7900xtx,8b,4w,sarc,q4gsw_linear_gemv_coop__w_4x8_nc_buffer_g8w8_buffer_half,1
7900xtx,8b,4w,sarc,sarc_linear_q4gsw_coopmat_t256x128k32g24s32f32cbt_texture3d_texture2d_half,224
7900xtx,8b,4w,sarc,sarc_sdpa_attn_weights_softmax_buffer_half,32
7900xtx,8b,4w,sarc,sarc_sdpa_av_coopmat_t64x64k32g22s64_buffer_buffer_half,32
7900xtx,8b,4w,sarc,sarc_sdpa_qk_coopmat_t128x64k32g22s64_buffer_buffer_half,32
7900xtx,8b,4w,sarc,sdpa_kv_cache_update_buffer_buffer_half,64
7900xtx,8b,4w,stock,embedding_q4gsw_buffer_half,1
7900xtx,8b,4w,stock,q4gsw_linear_gemm__tin__w_4x8_nc_texture3d_half,224
7900xtx,8b,4w,stock,q4gsw_linear_gemv_coop__w_4x8_nc_buffer_g8w8_buffer_half,1
7900xtx,8b,4w,stock,sdpa_attn_weights_softmax_buffer_half,32
7900xtx,8b,4w,stock,sdpa_compute_attn_weights_tiled_buffer_buffer_half,32
7900xtx,8b,4w,stock,sdpa_compute_out_tiled_buffer_buffer_half,32
7900xtx,8b,4w,stock,sdpa_kv_cache_update_buffer_buffer_half,64
7900xtx,8b,8da4w,sarc,embedding_q4gsw_buffer_half,1
7900xtx,8b,8da4w,sarc,linear_dq8ca_q4gsw_coop_buffer_texture2d_half_zpint8,1
7900xtx,8b,8da4w,sarc,sarc_linear_dq8ca_coopmat_zpg_t128x64k32g42s32_texture3d_texture2d_half,224
7900xtx,8b,8da4w,sarc,sarc_sdpa_attn_weights_softmax_buffer_half,32
7900xtx,8b,8da4w,sarc,sarc_sdpa_av_coopmat_t64x64k32g22s64_buffer_buffer_half,32
7900xtx,8b,8da4w,sarc,sarc_sdpa_qk_coopmat_t128x64k32g22s64_buffer_buffer_half,32
7900xtx,8b,8da4w,sarc,sdpa_kv_cache_update_buffer_buffer_half,64
7900xtx,8b,8da4w,stock,embedding_q4gsw_buffer_half,1
7900xtx,8b,8da4w,stock,linear_dq8ca_q4gsw_coop_buffer_texture2d_half_zpint8,1
7900xtx,8b,8da4w,stock,linear_dq8ca_q4gsw_tiled_texture3d_texture2d_half_zpint8,224
7900xtx,8b,8da4w,stock,sdpa_attn_weights_softmax_buffer_half,32
7900xtx,8b,8da4w,stock,sdpa_compute_attn_weights_tiled_buffer_buffer_half,32
7900xtx,8b,8da4w,stock,sdpa_compute_out_tiled_buffer_buffer_half,32
7900xtx,8b,8da4w,stock,sdpa_kv_cache_update_buffer_buffer_half,64
