cell,arm_vs_P,prompt,top1_P,top1_arm,differ,kl_nat,max_logit_diff,next_id
1b-4w,C,w2048-gpl-0,315,315,0,9.90141e-05,0.566406,-1
1b-4w,C,w1792-gpl-0,311,311,0,0.0104344,0.800781,382
1b-4w,C,w1792-gpl-256,315,315,0,0.00276415,0.595703,-1
1b-4w,C,w1536-gpl-0,539,539,0,0.00815169,0.722656,11938
1b-4w,C,w1536-gpl-256,311,311,0,0.0024309,0.498047,382
1b-4w,C,w1536-gpl-512,315,315,0,0.000413506,0.517578,-1
1b-4w,C,w1280-gpl-0,264,264,0,0.000269764,0.37793,264
1b-4w,C,w1280-gpl-384,304,311,1,0.0182374,0.46875,311
1b-4w,C,w1280-gpl-768,315,315,0,7.94601e-05,0.6875,-1
1b-4w,C,w1024-gpl-0,430,430,0,0.00351565,0.474609,279
1b-4w,C,w1024-gpl-512,11,11,0,0.00377506,0.611328,11938
1b-4w,C,w1024-gpl-1024,315,315,0,0.000192405,0.4375,-1
1b-4w,C,w768-gpl-0,330,330,0,0.00739362,0.397461,330
1b-4w,C,w768-gpl-640,11,11,0,0.00861693,0.570312,653
1b-4w,C,w768-gpl-1280,315,315,0,0.000162882,0.789062,-1
1b-4w,C,w512-gpl-0,682,682,0,0.0333124,0.650391,279
1b-4w,C,w512-gpl-768,264,264,0,0.000364859,0.382812,264
1b-4w,C,w512-gpl-1536,315,315,0,2.93923e-05,0.578125,-1
1b-4w,C,w256-gpl-0,499,499,0,0.00149358,0.447266,499
1b-4w,C,w256-gpl-896,477,477,0,0.000181282,0.421875,477
1b-4w,C,w256-gpl-1792,315,315,0,1.53638e-05,0.624023,-1
1b-4w,C,w1792-license-0,81101,81101,0,1.00995e-06,0.203125,81101
1b-4w,C,w1792-license-128,311,311,0,6.71993e-06,0.132812,311
1b-4w,C,w1536-license-0,613,613,0,7.30354e-06,0.253906,613
1b-4w,C,w1536-license-384,311,311,0,5.34925e-06,0.108398,311
1b-4w,C,w1280-license-0,293,293,0,0.000853853,0.28125,65
1b-4w,C,w1280-license-640,311,311,0,4.55264e-06,0.134766,311
1b-4w,C,w1024-license-0,91143,91143,0,0.000123898,0.193115,91143
1b-4w,C,w1024-license-896,311,311,0,5.07106e-06,0.167625,311
1b-4w,C,w768-license-0,198,198,0,3.02857e-05,0.211914,198
1b-4w,C,w768-license-1152,311,311,0,1.4926e-06,0.144531,311
1b-4w,C,w512-license-0,220,220,0,0.000199775,0.128906,863
1b-4w,C,w512-license-1408,311,311,0,2.92375e-06,0.128906,311
1b-4w,C,w256-license-0,2082,2082,0,0.000258235,0.138672,323
1b-4w,C,w256-license-1664,311,311,0,3.93426e-06,0.117188,311
1b-4w,PT,w2048-gpl-0,315,315,0,6.30234e-05,0.44043,-1
1b-4w,PT,w1792-gpl-0,311,311,0,0.00349131,0.292969,382
1b-4w,PT,w1792-gpl-256,315,315,0,0.00257259,0.570312,-1
1b-4w,PT,w1536-gpl-0,539,539,0,0.00203153,0.472656,11938
1b-4w,PT,w1536-gpl-256,311,311,0,0.000545841,0.390625,382
1b-4w,PT,w1536-gpl-512,315,315,0,0.00022151,0.578125,-1
1b-4w,PT,w1280-gpl-0,264,264,0,5.0632e-05,0.231445,264
1b-4w,PT,w1280-gpl-384,304,304,0,0.00240254,0.351562,311
1b-4w,PT,w1280-gpl-768,315,315,0,5.85888e-05,0.648438,-1
1b-4w,PT,w1024-gpl-0,430,430,0,0.00209683,0.503906,279
1b-4w,PT,w1024-gpl-512,11,11,0,0.00113967,0.443359,11938
1b-4w,PT,w1024-gpl-1024,315,315,0,8.73456e-05,0.484375,-1
1b-4w,PT,w768-gpl-0,330,330,0,0.000587134,0.414062,330
1b-4w,PT,w768-gpl-640,11,11,0,0.00597018,0.496094,653
1b-4w,PT,w768-gpl-1280,315,315,0,0.000148647,0.730469,-1
1b-4w,PT,w512-gpl-0,682,682,0,0.00961968,0.330811,279
1b-4w,PT,w512-gpl-768,264,264,0,0.000790742,0.371094,264
1b-4w,PT,w512-gpl-1536,315,315,0,0.000204166,0.45787,-1
1b-4w,PT,w256-gpl-0,499,499,0,0.000977404,0.318359,499
1b-4w,PT,w256-gpl-896,477,477,0,0.00011544,0.421875,477
1b-4w,PT,w256-gpl-1792,315,315,0,1.54293e-05,0.753906,-1
1b-4w,PT,w1792-license-0,81101,81101,0,1.30736e-06,0.148438,81101
1b-4w,PT,w1792-license-128,311,311,0,1.98054e-06,0.109375,311
1b-4w,PT,w1536-license-0,613,613,0,1.04319e-05,0.191406,613
1b-4w,PT,w1536-license-384,311,311,0,2.04721e-06,0.109375,311
1b-4w,PT,w1280-license-0,293,293,0,0.000231149,0.140625,65
1b-4w,PT,w1280-license-640,311,311,0,9.83671e-06,0.136719,311
1b-4w,PT,w1024-license-0,91143,91143,0,6.52294e-05,0.125977,91143
1b-4w,PT,w1024-license-896,311,311,0,2.77015e-06,0.105469,311
1b-4w,PT,w768-license-0,198,198,0,1.22595e-05,0.199707,198
1b-4w,PT,w768-license-1152,311,311,0,2.06222e-06,0.117188,311
1b-4w,PT,w512-license-0,220,220,0,0.000233614,0.148438,863
1b-4w,PT,w512-license-1408,311,311,0,1.94064e-06,0.119141,311
1b-4w,PT,w256-license-0,2082,2082,0,0.000219618,0.0898438,323
1b-4w,PT,w256-license-1664,311,311,0,6.6362e-06,0.106934,311
1b-8da4w,C,w2048-gpl-0,315,315,0,0.0113479,3.87305,-1
1b-8da4w,C,w1792-gpl-0,311,311,0,0.0148539,1.92188,382
1b-8da4w,C,w1792-gpl-256,315,315,0,0.0153831,3.36719,-1
1b-8da4w,C,w1536-gpl-0,539,11,1,0.219373,4.99414,11938
1b-8da4w,C,w1536-gpl-256,311,311,0,0.00423139,1.95703,382
1b-8da4w,C,w1536-gpl-512,315,315,0,0.00300051,3.50586,-1
1b-8da4w,C,w1280-gpl-0,264,264,0,0.0104668,1.92969,264
1b-8da4w,C,w1280-gpl-384,304,304,0,0.166462,5.07715,311
1b-8da4w,C,w1280-gpl-768,315,315,0,0.0118761,4.4707,-1
1b-8da4w,C,w1024-gpl-0,430,430,0,0.129412,2.56641,279
1b-8da4w,C,w1024-gpl-512,11,11,0,0.242946,3.56641,11938
1b-8da4w,C,w1024-gpl-1024,315,315,0,0.0102709,3.0293,-1
1b-8da4w,C,w768-gpl-0,330,330,0,0.0797053,3.12354,330
1b-8da4w,C,w768-gpl-640,11,11,0,0.487881,4.82422,653
1b-8da4w,C,w768-gpl-1280,315,315,0,0.00734089,2.625,-1
1b-8da4w,C,w512-gpl-0,682,682,0,0.910684,2.55469,279
1b-8da4w,C,w512-gpl-768,264,264,0,0.0231537,2.00928,264
1b-8da4w,C,w512-gpl-1536,315,315,0,0.00148226,3.33398,-1
1b-8da4w,C,w256-gpl-0,499,499,0,0.235574,3.62988,499
1b-8da4w,C,w256-gpl-896,477,477,0,0.0036098,3.94922,477
1b-8da4w,C,w256-gpl-1792,315,315,0,0.00187261,4.45117,-1
1b-8da4w,C,w1792-license-0,81101,81101,0,3.28677e-05,1.33008,81101
1b-8da4w,C,w1792-license-128,311,311,0,0.000152471,1.17578,311
1b-8da4w,C,w1536-license-0,613,613,0,0.000321559,2.43848,613
1b-8da4w,C,w1536-license-384,311,311,0,0.000136306,1.29297,311
1b-8da4w,C,w1280-license-0,293,293,0,0.00605915,1.26172,65
1b-8da4w,C,w1280-license-640,311,311,0,0.000173553,1.27148,311
1b-8da4w,C,w1024-license-0,91143,91143,0,0.00497761,1.30859,91143
1b-8da4w,C,w1024-license-896,311,311,0,0.000292893,1.39844,311
1b-8da4w,C,w768-license-0,198,198,0,0.000247686,1.65625,198
1b-8da4w,C,w768-license-1152,311,311,0,0.000107809,0.980469,311
1b-8da4w,C,w512-license-0,220,220,0,0.0268335,1.05078,863
1b-8da4w,C,w512-license-1408,311,311,0,0.000123112,1.17578,311
1b-8da4w,C,w256-license-0,2082,2082,0,0.0116393,1.01758,323
1b-8da4w,C,w256-license-1664,311,311,0,0.000116847,1.08594,311
1b-8da4w,PT,w2048-gpl-0,315,315,0,0.00240966,2.67578,-1
1b-8da4w,PT,w1792-gpl-0,311,311,0,0.120002,1.90625,382
1b-8da4w,PT,w1792-gpl-256,315,315,0,0.0395366,4.09277,-1
1b-8da4w,PT,w1536-gpl-0,539,539,0,0.106969,4.19922,11938
1b-8da4w,PT,w1536-gpl-256,311,311,0,0.0495027,1.87207,382
1b-8da4w,PT,w1536-gpl-512,315,315,0,0.00354224,2.80664,-1
1b-8da4w,PT,w1280-gpl-0,264,264,0,0.00624488,2.70312,264
1b-8da4w,PT,w1280-gpl-384,304,304,0,0.173816,4.67871,311
1b-8da4w,PT,w1280-gpl-768,315,315,0,0.0338941,3.63672,-1
1b-8da4w,PT,w1024-gpl-0,430,430,0,0.0934143,3.16797,279
1b-8da4w,PT,w1024-gpl-512,11,11,0,0.0308229,2.59375,11938
1b-8da4w,PT,w1024-gpl-1024,315,315,0,0.0176639,3.46973,-1
1b-8da4w,PT,w768-gpl-0,330,330,0,0.0713162,2.76172,330
1b-8da4w,PT,w768-gpl-640,11,11,0,0.334102,4.13281,653
1b-8da4w,PT,w768-gpl-1280,315,315,0,0.0264515,2.79297,-1
1b-8da4w,PT,w512-gpl-0,682,682,0,0.301499,3.44531,279
1b-8da4w,PT,w512-gpl-768,264,264,0,0.0400991,2.17188,264
1b-8da4w,PT,w512-gpl-1536,315,315,0,0.00325823,3.70605,-1
1b-8da4w,PT,w256-gpl-0,499,499,0,0.0539711,4.59766,499
1b-8da4w,PT,w256-gpl-896,477,477,0,0.00355992,2.875,477
1b-8da4w,PT,w256-gpl-1792,315,315,0,0.00119664,5.17188,-1
1b-8da4w,PT,w1792-license-0,81101,81101,0,3.75883e-05,1.12305,81101
1b-8da4w,PT,w1792-license-128,311,311,0,7.98202e-05,1.08203,311
1b-8da4w,PT,w1536-license-0,613,613,0,0.000356221,1.91797,613
1b-8da4w,PT,w1536-license-384,311,311,0,0.000117846,1.04297,311
1b-8da4w,PT,w1280-license-0,293,293,0,0.069437,1.91406,65
1b-8da4w,PT,w1280-license-640,311,311,0,0.000202436,1.24219,311
1b-8da4w,PT,w1024-license-0,91143,91143,0,0.00905091,1.45312,91143
1b-8da4w,PT,w1024-license-896,311,311,0,0.000253032,1.25586,311
1b-8da4w,PT,w768-license-0,198,198,0,0.000887041,1.35547,198
1b-8da4w,PT,w768-license-1152,311,311,0,0.000169198,1.06641,311
1b-8da4w,PT,w512-license-0,220,220,0,0.0142238,1.17969,863
1b-8da4w,PT,w512-license-1408,311,311,0,0.000124407,0.96875,311
1b-8da4w,PT,w256-license-0,2082,2082,0,0.0118838,0.914062,323
1b-8da4w,PT,w256-license-1664,311,311,0,0.000118804,1.20703,311
3b-4w,C,w2048-gpl-0,315,315,0,1.48364e-05,0.578125,-1
3b-4w,C,w1792-gpl-0,382,382,0,0.000196142,0.308105,382
3b-4w,C,w1792-gpl-256,315,315,0,2.65679e-05,0.831299,-1
3b-4w,C,w1536-gpl-0,4694,11938,1,0.00610586,0.570312,11938
3b-4w,C,w1536-gpl-256,382,382,0,0.000119609,0.410156,382
3b-4w,C,w1536-gpl-512,315,315,0,4.42266e-05,0.764648,-1
3b-4w,C,w1280-gpl-0,701,701,0,0.00756644,0.53125,264
3b-4w,C,w1280-gpl-384,311,311,0,0.0017202,0.368164,311
3b-4w,C,w1280-gpl-768,315,315,0,7.90313e-06,0.391113,-1
3b-4w,C,w1024-gpl-0,279,279,0,1.98147e-07,0.37207,279
3b-4w,C,w1024-gpl-512,4694,4694,0,0.00848412,0.302734,11938
3b-4w,C,w1024-gpl-1024,315,315,0,2.26224e-05,0.558594,-1
3b-4w,C,w768-gpl-0,1005,1005,0,0.00192284,0.338867,330
3b-4w,C,w768-gpl-640,653,653,0,0.000188452,0.324219,653
3b-4w,C,w768-gpl-1280,315,315,0,1.62817e-05,0.445312,-1
3b-4w,C,w512-gpl-0,279,279,0,7.86001e-05,0.510254,279
3b-4w,C,w512-gpl-768,701,701,0,0.000124337,0.394531,264
3b-4w,C,w512-gpl-1536,315,315,0,2.53392e-05,0.502441,-1
3b-4w,C,w256-gpl-0,499,499,0,1.97671e-07,0.380859,499
3b-4w,C,w256-gpl-896,477,477,0,1.06644e-05,0.229492,477
3b-4w,C,w256-gpl-1792,315,315,0,4.32454e-05,0.494141,-1
3b-4w,C,w1792-license-0,81101,81101,0,3.07474e-07,0.154297,81101
3b-4w,C,w1792-license-128,311,311,0,4.60807e-07,0.116211,311
3b-4w,C,w1536-license-0,613,613,0,1.86342e-06,0.160156,613
3b-4w,C,w1536-license-384,311,311,0,2.54636e-06,0.141113,311
3b-4w,C,w1280-license-0,65,65,0,1.87062e-06,0.126953,65
3b-4w,C,w1280-license-640,311,311,0,7.88421e-07,0.142578,311
3b-4w,C,w1024-license-0,91143,91143,0,4.26053e-05,0.14225,91143
3b-4w,C,w1024-license-896,311,311,0,4.11176e-07,0.140625,311
3b-4w,C,w768-license-0,198,198,0,5.53446e-05,0.15625,198
3b-4w,C,w768-license-1152,311,311,0,4.27945e-07,0.101562,311
3b-4w,C,w512-license-0,863,863,0,6.85718e-05,0.117188,863
3b-4w,C,w512-license-1408,311,311,0,6.68113e-07,0.0976562,311
3b-4w,C,w256-license-0,2082,2082,0,0.000222116,0.117188,323
3b-4w,C,w256-license-1664,311,311,0,5.2746e-07,0.117188,311
3b-4w,PT,w2048-gpl-0,315,315,0,3.22005e-06,0.292526,-1
3b-4w,PT,w1792-gpl-0,382,382,0,4.37571e-05,0.199463,382
3b-4w,PT,w1792-gpl-256,315,315,0,1.06077e-05,0.449585,-1
3b-4w,PT,w1536-gpl-0,4694,4694,0,0.00246824,0.195312,11938
3b-4w,PT,w1536-gpl-256,382,382,0,0.000110775,0.253906,382
3b-4w,PT,w1536-gpl-512,315,315,0,7.8855e-06,0.413086,-1
3b-4w,PT,w1280-gpl-0,701,701,0,0.00265078,0.609375,264
3b-4w,PT,w1280-gpl-384,311,311,0,0.000708722,0.371094,311
3b-4w,PT,w1280-gpl-768,315,315,0,5.7212e-05,0.428711,-1
3b-4w,PT,w1024-gpl-0,279,279,0,2.41045e-07,0.378906,279
3b-4w,PT,w1024-gpl-512,4694,4694,0,0.00493599,0.25,11938
3b-4w,PT,w1024-gpl-1024,315,315,0,7.18903e-05,0.554688,-1
3b-4w,PT,w768-gpl-0,1005,1005,0,0.0018135,0.1875,330
3b-4w,PT,w768-gpl-640,653,653,0,7.21895e-05,0.271484,653
3b-4w,PT,w768-gpl-1280,315,315,0,8.03029e-06,0.296875,-1
3b-4w,PT,w512-gpl-0,279,279,0,3.96358e-05,0.386719,279
3b-4w,PT,w512-gpl-768,701,701,0,0.000964989,0.453125,264
3b-4w,PT,w512-gpl-1536,315,315,0,2.84328e-06,0.245117,-1
3b-4w,PT,w256-gpl-0,499,499,0,1.14996e-06,0.330078,499
3b-4w,PT,w256-gpl-896,477,477,0,4.22202e-05,0.269531,477
3b-4w,PT,w256-gpl-1792,315,315,0,6.19637e-06,0.381836,-1
3b-4w,PT,w1792-license-0,81101,81101,0,4.96388e-07,0.140381,81101
3b-4w,PT,w1792-license-128,311,311,0,3.62193e-07,0.109375,311
3b-4w,PT,w1536-license-0,613,613,0,3.08238e-07,0.0996094,613
3b-4w,PT,w1536-license-384,311,311,0,7.89948e-07,0.109375,311
3b-4w,PT,w1280-license-0,65,65,0,1.15458e-06,0.0996094,65
3b-4w,PT,w1280-license-640,311,311,0,4.82629e-07,0.121094,311
3b-4w,PT,w1024-license-0,91143,91143,0,5.26029e-05,0.12516,91143
3b-4w,PT,w1024-license-896,311,311,0,3.38064e-07,0.0976562,311
3b-4w,PT,w768-license-0,198,198,0,5.64031e-05,0.105469,198
3b-4w,PT,w768-license-1152,311,311,0,6.01778e-07,0.0969238,311
3b-4w,PT,w512-license-0,863,863,0,0.000297689,0.134155,863
3b-4w,PT,w512-license-1408,311,311,0,3.84744e-07,0.0898438,311
3b-4w,PT,w256-license-0,2082,2082,0,0.000194396,0.0859375,323
3b-4w,PT,w256-license-1664,311,311,0,2.35081e-07,0.0976562,311
3b-8da4w,C,w2048-gpl-0,315,315,0,4.34489e-05,1.86646,-1
3b-8da4w,C,w1792-gpl-0,382,382,0,0.00167273,1.17969,382
3b-8da4w,C,w1792-gpl-256,315,315,0,0.000202611,1.67969,-1
3b-8da4w,C,w1536-gpl-0,4694,11938,1,0.156859,2.71875,11938
3b-8da4w,C,w1536-gpl-256,382,382,0,0.00555482,1.67041,382
3b-8da4w,C,w1536-gpl-512,315,315,0,0.000137734,3.08594,-1
3b-8da4w,C,w1280-gpl-0,701,701,0,0.00146818,3.62109,264
3b-8da4w,C,w1280-gpl-384,311,311,0,0.255769,2.41797,311
3b-8da4w,C,w1280-gpl-768,315,315,0,0.000183378,2.32031,-1
3b-8da4w,C,w1024-gpl-0,279,279,0,2.99731e-05,1.79272,279
3b-8da4w,C,w1024-gpl-512,4694,4694,0,0.113557,2.21094,11938
3b-8da4w,C,w1024-gpl-1024,315,315,0,0.000311673,2.01562,-1
3b-8da4w,C,w768-gpl-0,1005,1005,0,0.286964,2.82031,330
3b-8da4w,C,w768-gpl-640,653,653,0,0.000603895,1.44922,653
3b-8da4w,C,w768-gpl-1280,315,315,0,0.000304315,2.70703,-1
3b-8da4w,C,w512-gpl-0,279,279,0,0.000832001,2.1543,279
3b-8da4w,C,w512-gpl-768,701,701,0,0.000301645,2.4043,264
3b-8da4w,C,w512-gpl-1536,315,315,0,0.0011032,3.3418,-1
3b-8da4w,C,w256-gpl-0,499,499,0,6.31708e-06,2.47949,499
3b-8da4w,C,w256-gpl-896,477,477,0,0.0137422,1.73047,477
3b-8da4w,C,w256-gpl-1792,315,315,0,0.000265882,2.71289,-1
3b-8da4w,C,w1792-license-0,81101,81101,0,2.26823e-05,0.988281,81101
3b-8da4w,C,w1792-license-128,311,311,0,2.76287e-05,0.771484,311
3b-8da4w,C,w1536-license-0,613,613,0,0.000215144,1.3125,613
3b-8da4w,C,w1536-license-384,311,311,0,1.34731e-05,0.691406,311
3b-8da4w,C,w1280-license-0,65,65,0,0.000333054,0.833984,65
3b-8da4w,C,w1280-license-640,311,311,0,3.36218e-05,0.803711,311
3b-8da4w,C,w1024-license-0,91143,91143,0,0.00112766,0.94043,91143
3b-8da4w,C,w1024-license-896,311,311,0,2.59313e-05,0.853516,311
3b-8da4w,C,w768-license-0,198,198,0,0.0133364,1.20801,198
3b-8da4w,C,w768-license-1152,311,311,0,1.55702e-05,0.756836,311
3b-8da4w,C,w512-license-0,863,863,0,0.00366939,0.648438,863
3b-8da4w,C,w512-license-1408,311,311,0,1.93931e-05,0.878174,311
3b-8da4w,C,w256-license-0,2082,2082,0,0.00717065,0.703125,323
3b-8da4w,C,w256-license-1664,311,311,0,1.48973e-05,0.769531,311
3b-8da4w,PT,w2048-gpl-0,315,315,0,0.000159962,2.39697,-1
3b-8da4w,PT,w1792-gpl-0,382,382,0,0.00702032,1.74219,382
3b-8da4w,PT,w1792-gpl-256,315,315,0,0.000200461,3.09912,-1
3b-8da4w,PT,w1536-gpl-0,4694,4694,0,0.310493,2.42188,11938
3b-8da4w,PT,w1536-gpl-256,382,382,0,0.0053676,1.51367,382
3b-8da4w,PT,w1536-gpl-512,315,315,0,0.000752027,2.4082,-1
3b-8da4w,PT,w1280-gpl-0,701,701,0,0.00140058,2.61719,264
3b-8da4w,PT,w1280-gpl-384,311,311,0,0.0602554,2.66406,311
3b-8da4w,PT,w1280-gpl-768,315,315,0,0.000259661,2.43164,-1
3b-8da4w,PT,w1024-gpl-0,279,279,0,8.77435e-06,2.17969,279
3b-8da4w,PT,w1024-gpl-512,4694,4694,0,0.166598,2.58594,11938
3b-8da4w,PT,w1024-gpl-1024,315,315,0,0.000272067,2.33984,-1
3b-8da4w,PT,w768-gpl-0,1005,1005,0,0.123795,1.75452,330
3b-8da4w,PT,w768-gpl-640,653,449,1,1.13759,2.42188,653
3b-8da4w,PT,w768-gpl-1280,315,315,0,0.000186182,2.25391,-1
3b-8da4w,PT,w512-gpl-0,279,279,0,0.000120808,1.62842,279
3b-8da4w,PT,w512-gpl-768,701,701,0,0.000755855,2.20801,264
3b-8da4w,PT,w512-gpl-1536,315,315,0,0.000930943,2.28906,-1
3b-8da4w,PT,w256-gpl-0,499,499,0,1.0028e-05,1.69727,499
3b-8da4w,PT,w256-gpl-896,477,477,0,0.00324891,1.63403,477
3b-8da4w,PT,w256-gpl-1792,315,315,0,0.000204048,2.72656,-1
3b-8da4w,PT,w1792-license-0,81101,81101,0,1.11769e-05,0.990723,81101
3b-8da4w,PT,w1792-license-128,311,311,0,6.0829e-05,0.828125,311
3b-8da4w,PT,w1536-license-0,613,613,0,9.66773e-05,1.32812,613
3b-8da4w,PT,w1536-license-384,311,311,0,1.5374e-05,0.671875,311
3b-8da4w,PT,w1280-license-0,65,65,0,9.65378e-05,0.902344,65
3b-8da4w,PT,w1280-license-640,311,311,0,2.7848e-05,0.71875,311
3b-8da4w,PT,w1024-license-0,91143,91143,0,0.00105239,0.841797,91143
3b-8da4w,PT,w1024-license-896,311,311,0,1.77644e-05,0.78125,311
3b-8da4w,PT,w768-license-0,198,198,0,0.00450585,1.19385,198
3b-8da4w,PT,w768-license-1152,311,311,0,1.96331e-05,0.833008,311
3b-8da4w,PT,w512-license-0,863,863,0,0.00473271,0.784668,863
3b-8da4w,PT,w512-license-1408,311,311,0,2.06993e-05,0.818359,311
3b-8da4w,PT,w256-license-0,2082,2082,0,0.00882434,0.925781,323
3b-8da4w,PT,w256-license-1664,311,311,0,1.12105e-05,0.816406,311
8b-4w,C,w2048-gpl-0,315,315,0,8.59646e-06,0.325195,-1
8b-4w,C,w1792-gpl-0,382,382,0,0.00017906,0.378662,382
8b-4w,C,w1792-gpl-256,315,315,0,1.5206e-05,0.320312,-1
8b-4w,C,w1536-gpl-0,11938,11938,0,0.000220778,0.492188,11938
8b-4w,C,w1536-gpl-256,382,382,0,0.000392179,0.277344,382
8b-4w,C,w1536-gpl-512,315,315,0,4.21516e-06,0.291016,-1
8b-4w,C,w1280-gpl-0,279,279,0,0.00678701,0.703125,264
8b-4w,C,w1280-gpl-384,430,430,0,0.00701534,0.5,311
8b-4w,C,w1280-gpl-768,315,315,0,4.29598e-06,0.246094,-1
8b-4w,C,w1024-gpl-0,420,420,0,0.00430531,0.699219,279
8b-4w,C,w1024-gpl-512,11938,11938,0,0.00139014,0.347656,11938
8b-4w,C,w1024-gpl-1024,315,315,0,9.31766e-05,0.2854,-1
8b-4w,C,w768-gpl-0,330,330,0,0.00178089,0.378906,330
8b-4w,C,w768-gpl-640,653,653,0,4.35407e-05,0.367188,653
8b-4w,C,w768-gpl-1280,315,315,0,7.14476e-06,0.216797,-1
8b-4w,C,w512-gpl-0,279,279,0,0.000211489,0.257401,279
8b-4w,C,w512-gpl-768,279,279,0,0.000903578,0.328125,264
8b-4w,C,w512-gpl-1536,315,315,0,2.63491e-06,0.230469,-1
8b-4w,C,w256-gpl-0,499,499,0,2.20813e-05,0.28125,499
8b-4w,C,w256-gpl-896,477,477,0,0.000701929,0.34375,477
8b-4w,C,w256-gpl-1792,315,315,0,2.52091e-06,0.264648,-1
8b-4w,C,w1792-license-0,81101,81101,0,1.17307e-06,0.40625,81101
8b-4w,C,w1792-license-128,311,311,0,5.6778e-06,0.207031,311
8b-4w,C,w1536-license-0,613,613,0,6.10436e-07,0.296875,613
8b-4w,C,w1536-license-384,311,311,0,4.04208e-06,0.208984,311
8b-4w,C,w1280-license-0,65,65,0,4.55011e-05,0.164062,65
8b-4w,C,w1280-license-640,311,311,0,7.4996e-06,0.201172,311
8b-4w,C,w1024-license-0,91143,91143,0,3.05487e-05,0.173828,91143
8b-4w,C,w1024-license-896,311,311,0,2.20912e-06,0.148438,311
8b-4w,C,w768-license-0,198,198,0,1.5611e-05,0.189453,198
8b-4w,C,w768-license-1152,311,311,0,2.65478e-06,0.166016,311
8b-4w,C,w512-license-0,220,220,0,0.000296202,0.149414,863
8b-4w,C,w512-license-1408,311,311,0,5.19264e-06,0.177734,311
8b-4w,C,w256-license-0,323,323,0,0.000330143,0.199219,323
8b-4w,C,w256-license-1664,311,311,0,1.72087e-06,0.176758,311
8b-4w,PT,w2048-gpl-0,315,315,0,2.53028e-05,0.214844,-1
8b-4w,PT,w1792-gpl-0,382,382,0,9.97351e-05,0.242188,382
8b-4w,PT,w1792-gpl-256,315,315,0,7.45479e-06,0.243164,-1
8b-4w,PT,w1536-gpl-0,11938,11938,0,0.00153526,0.371094,11938
8b-4w,PT,w1536-gpl-256,382,382,0,8.56407e-05,0.226562,382
8b-4w,PT,w1536-gpl-512,315,315,0,1.98268e-05,0.203125,-1
8b-4w,PT,w1280-gpl-0,279,279,0,0.00110916,0.318359,264
8b-4w,PT,w1280-gpl-384,430,430,0,0.0015294,0.34375,311
8b-4w,PT,w1280-gpl-768,315,315,0,2.24493e-06,0.265625,-1
8b-4w,PT,w1024-gpl-0,420,420,0,0.00583681,0.613281,279
8b-4w,PT,w1024-gpl-512,11938,11938,0,0.00161359,0.257812,11938
8b-4w,PT,w1024-gpl-1024,315,315,0,1.65685e-05,0.1875,-1
8b-4w,PT,w768-gpl-0,330,330,0,0.000959645,0.304688,330
8b-4w,PT,w768-gpl-640,653,653,0,2.96539e-05,0.253906,653
8b-4w,PT,w768-gpl-1280,315,315,0,3.05451e-06,0.166992,-1
8b-4w,PT,w512-gpl-0,279,279,0,4.87692e-05,0.226562,279
8b-4w,PT,w512-gpl-768,279,279,0,0.000444567,0.237305,264
8b-4w,PT,w512-gpl-1536,315,315,0,1.45507e-05,0.234375,-1
8b-4w,PT,w256-gpl-0,499,499,0,1.24165e-05,0.140625,499
8b-4w,PT,w256-gpl-896,477,477,0,0.000655457,0.515625,477
8b-4w,PT,w256-gpl-1792,315,315,0,5.82538e-07,0.210938,-1
8b-4w,PT,w1792-license-0,81101,81101,0,5.91793e-07,0.300293,81101
8b-4w,PT,w1792-license-128,311,311,0,2.44837e-06,0.154297,311
8b-4w,PT,w1536-license-0,613,613,0,2.00645e-07,0.234375,613
8b-4w,PT,w1536-license-384,311,311,0,2.39058e-06,0.125,311
8b-4w,PT,w1280-license-0,65,65,0,2.60065e-05,0.160156,65
8b-4w,PT,w1280-license-640,311,311,0,1.90579e-06,0.146484,311
8b-4w,PT,w1024-license-0,91143,91143,0,1.85156e-05,0.125,91143
8b-4w,PT,w1024-license-896,311,311,0,6.67292e-06,0.152344,311
8b-4w,PT,w768-license-0,198,198,0,0.000260061,0.212891,198
8b-4w,PT,w768-license-1152,311,311,0,4.5306e-06,0.119141,311
8b-4w,PT,w512-license-0,220,220,0,0.000207367,0.143555,863
8b-4w,PT,w512-license-1408,311,311,0,2.91025e-06,0.185547,311
8b-4w,PT,w256-license-0,323,323,0,0.000124446,0.125,323
8b-4w,PT,w256-license-1664,311,311,0,2.76604e-06,0.149902,311
8b-8da4w,C,w2048-gpl-0,315,315,0,0.000386097,1.54297,-1
8b-8da4w,C,w1792-gpl-0,382,382,0,0.00472234,1.91797,382
8b-8da4w,C,w1792-gpl-256,315,315,0,0.000183976,2.0625,-1
8b-8da4w,C,w1536-gpl-0,11938,11938,0,0.0751221,2.32031,11938
8b-8da4w,C,w1536-gpl-256,382,382,0,0.0025373,1.63867,382
8b-8da4w,C,w1536-gpl-512,315,315,0,0.000106254,1.35498,-1
8b-8da4w,C,w1280-gpl-0,279,279,0,0.0395281,1.90137,264
8b-8da4w,C,w1280-gpl-384,430,430,0,0.00221543,1.99219,311
8b-8da4w,C,w1280-gpl-768,315,315,0,0.000408533,1.2793,-1
8b-8da4w,C,w1024-gpl-0,420,420,0,0.0688208,2.28906,279
8b-8da4w,C,w1024-gpl-512,11938,11938,0,0.248232,2.26562,11938
8b-8da4w,C,w1024-gpl-1024,315,315,0,0.00102085,1.38086,-1
8b-8da4w,C,w768-gpl-0,330,330,0,0.00851112,2.72656,330
8b-8da4w,C,w768-gpl-640,653,653,0,0.000500958,1.78906,653
8b-8da4w,C,w768-gpl-1280,315,315,0,0.00021515,1.57422,-1
8b-8da4w,C,w512-gpl-0,279,279,0,0.00258237,2.46484,279
8b-8da4w,C,w512-gpl-768,279,279,0,0.00669262,1.47656,264
8b-8da4w,C,w512-gpl-1536,315,315,0,0.00062328,2.29297,-1
8b-8da4w,C,w256-gpl-0,499,499,0,8.291e-05,1.94141,499
8b-8da4w,C,w256-gpl-896,477,477,0,0.00275007,1.67969,477
8b-8da4w,C,w256-gpl-1792,315,315,0,7.5091e-05,2.35156,-1
8b-8da4w,C,w1792-license-0,81101,81101,0,0.000205588,1.80469,81101
8b-8da4w,C,w1792-license-128,311,311,0,7.54426e-05,1.30078,311
8b-8da4w,C,w1536-license-0,613,613,0,4.99825e-06,1.50977,613
8b-8da4w,C,w1536-license-384,311,311,0,6.88716e-05,1.11328,311
8b-8da4w,C,w1280-license-0,65,65,0,0.00039744,1.01562,65
8b-8da4w,C,w1280-license-640,311,311,0,0.000185797,1.13916,311
8b-8da4w,C,w1024-license-0,91143,91143,0,0.00187041,1.0459,91143
8b-8da4w,C,w1024-license-896,311,311,0,0.000100326,1.19727,311
8b-8da4w,C,w768-license-0,198,198,0,0.00111063,1.32422,198
8b-8da4w,C,w768-license-1152,311,311,0,7.544e-05,1.00781,311
8b-8da4w,C,w512-license-0,220,220,0,0.0064758,0.916504,863
8b-8da4w,C,w512-license-1408,311,311,0,4.5057e-05,1.02344,311
8b-8da4w,C,w256-license-0,323,323,0,0.00961743,0.847656,323
8b-8da4w,C,w256-license-1664,311,311,0,0.000168303,0.880371,311
8b-8da4w,PT,w2048-gpl-0,315,315,0,0.000183173,1.36914,-1
8b-8da4w,PT,w1792-gpl-0,382,382,0,0.000934097,1.6709,382
8b-8da4w,PT,w1792-gpl-256,315,315,0,0.000476842,1.72656,-1
8b-8da4w,PT,w1536-gpl-0,11938,11938,0,0.091316,2.53125,11938
8b-8da4w,PT,w1536-gpl-256,382,382,0,0.0036876,1.80493,382
8b-8da4w,PT,w1536-gpl-512,315,315,0,9.2671e-05,1.39062,-1
8b-8da4w,PT,w1280-gpl-0,279,279,0,0.0950775,2.92188,264
8b-8da4w,PT,w1280-gpl-384,430,430,0,0.0219947,2.48438,311
8b-8da4w,PT,w1280-gpl-768,315,315,0,0.000997193,1.37891,-1
8b-8da4w,PT,w1024-gpl-0,420,279,1,0.311952,2.19141,279
8b-8da4w,PT,w1024-gpl-512,11938,11938,0,0.220962,2.05469,11938
8b-8da4w,PT,w1024-gpl-1024,315,315,0,0.000521659,1.61914,-1
8b-8da4w,PT,w768-gpl-0,330,330,0,0.0718579,2.375,330
8b-8da4w,PT,w768-gpl-640,653,653,0,0.00595187,2.4375,653
8b-8da4w,PT,w768-gpl-1280,315,315,0,0.000304573,1.85742,-1
8b-8da4w,PT,w512-gpl-0,279,279,0,0.00251628,1.86865,279
8b-8da4w,PT,w512-gpl-768,279,279,0,0.0151059,1.5625,264
8b-8da4w,PT,w512-gpl-1536,315,315,0,0.000340505,1.84375,-1
8b-8da4w,PT,w256-gpl-0,499,499,0,6.83906e-05,1.31445,499
8b-8da4w,PT,w256-gpl-896,477,477,0,0.0032241,1.61719,477
8b-8da4w,PT,w256-gpl-1792,315,315,0,0.000267557,1.96094,-1
8b-8da4w,PT,w1792-license-0,81101,81101,0,4.82134e-05,1.46973,81101
8b-8da4w,PT,w1792-license-128,311,311,0,4.6682e-05,1.10547,311
8b-8da4w,PT,w1536-license-0,613,613,0,1.92334e-06,1.77979,613
8b-8da4w,PT,w1536-license-384,311,311,0,7.59717e-05,1.11328,311
8b-8da4w,PT,w1280-license-0,65,65,0,0.000223189,1.22266,65
8b-8da4w,PT,w1280-license-640,311,311,0,7.36831e-05,1.05859,311
8b-8da4w,PT,w1024-license-0,91143,91143,0,0.00220273,1.08252,91143
8b-8da4w,PT,w1024-license-896,311,311,0,0.000141035,1.20508,311
8b-8da4w,PT,w768-license-0,198,198,0,0.00243276,1.32324,198
8b-8da4w,PT,w768-license-1152,311,311,0,8.3184e-05,1.16211,311
8b-8da4w,PT,w512-license-0,220,220,0,0.00781999,0.910156,863
8b-8da4w,PT,w512-license-1408,311,311,0,4.16559e-05,0.913574,311
8b-8da4w,PT,w256-license-0,323,323,0,0.0108909,0.917969,323
8b-8da4w,PT,w256-license-1664,311,311,0,4.71085e-05,1.04102,311
