profile,model,qk_us,softmax_us,av_us,total_us,reps
stock,llama-3.2-1b,36289.0,10966.6,28600.4,75856.0,1
stock,llama-3.2-3b,53109.1,8233.3,42644.2,103987.0,1
stock,llama-3.1-8b,70866.4,10974.3,56757.0,138598.0,1
orin-av-df_t16x128k32g11s32,llama-3.2-1b,10049.2,9031.6,3831.6,22912.4,1
orin-av-df_t16x128k32g11s32,llama-3.2-3b,10039.6,6789.5,13808.7,30637.8,1
orin-av-df_t16x128k32g11s32,llama-3.1-8b,13389.9,9042.0,18300.3,40732.2,1
orin-av-df_t16x64k32g11s32,llama-3.2-1b,10049.4,9032.0,10810.4,29891.7,1
orin-av-df_t16x64k32g11s32,llama-3.2-3b,10048.1,6794.1,16102.7,32944.9,1
orin-av-df_t16x64k32g11s32,llama-3.1-8b,13377.8,9040.6,21439.3,43857.7,1
orin-av-df_t32x128k32g11s32,llama-3.2-1b,10061.9,9043.6,3829.4,22935.0,1
orin-av-df_t32x128k32g11s32,llama-3.2-3b,10044.5,6796.0,8911.8,25752.3,1
orin-av-df_t32x128k32g11s32,llama-3.1-8b,13372.4,9027.2,11756.4,34156.0,1
orin-av-df_t32x128k32g21s32,llama-3.2-1b,10061.5,9037.5,3832.3,22931.3,1
orin-av-df_t32x128k32g21s32,llama-3.2-3b,10047.9,6787.7,11092.5,27928.1,1
orin-av-df_t32x128k32g21s32,llama-3.1-8b,13375.6,9030.8,14736.4,37142.8,1
orin-av-df_t32x64k32g11s32,llama-3.2-1b,10062.1,9030.8,7397.9,26490.8,1
orin-av-df_t32x64k32g11s32,llama-3.2-3b,10030.1,6790.8,10940.3,27761.2,1
orin-av-df_t32x64k32g11s32,llama-3.1-8b,13375.8,9035.3,14557.7,36968.8,1
orin-av-df_t32x64k32g21s32,llama-3.2-1b,10046.9,9027.2,10793.4,29867.5,1
orin-av-df_t32x64k32g21s32,llama-3.2-3b,10041.2,6788.6,16201.4,33031.1,1
orin-av-df_t32x64k32g21s32,llama-3.1-8b,13377.8,9029.1,21509.4,43916.3,1
orin-av-df_t64x128k32g21s32,llama-3.2-1b,10055.1,9034.4,3833.6,22923.1,1
orin-av-df_t64x128k32g21s32,llama-3.2-3b,10017.5,6769.7,8806.4,25593.6,1
orin-av-df_t64x128k32g21s32,llama-3.1-8b,13379.5,9039.2,11652.2,34070.8,1
orin-av-df_t64x128k32g22s32,llama-3.2-1b,10062.5,9043.2,3842.5,22948.1,1
orin-av-df_t64x128k32g22s32,llama-3.2-3b,10029.5,6781.9,11125.6,27937.0,1
orin-av-df_t64x128k32g22s32,llama-3.1-8b,13382.1,9034.7,14762.5,37179.4,1
orin-av-df_t64x64k32g11s32,llama-3.2-1b,10048.6,9026.6,5992.9,25068.1,1
orin-av-df_t64x64k32g11s32,llama-3.2-3b,10045.7,6789.7,8721.5,25556.8,1
orin-av-df_t64x64k32g11s32,llama-3.1-8b,13383.9,9037.2,11531.5,33952.6,1
orin-av-df_t64x64k32g12s32,llama-3.2-1b,10043.0,9028.9,7297.6,26369.5,1
orin-av-df_t64x64k32g12s32,llama-3.2-3b,10038.3,6792.7,10878.1,27709.0,1
orin-av-df_t64x64k32g12s32,llama-3.1-8b,13403.3,9041.9,14517.6,36962.8,1
orin-av-dfg_t32x128k32g11s32,llama-3.2-1b,10072.6,9040.8,3839.3,22952.8,1
orin-av-dfg_t32x128k32g11s32,llama-3.2-3b,10029.5,6782.4,9964.5,26776.4,1
orin-av-dfg_t32x128k32g11s32,llama-3.1-8b,13378.1,9031.5,12860.1,35269.7,1
orin-av-dfg_t32x128k32g21s32,llama-3.2-1b,10069.5,9037.9,3833.4,22940.8,1
orin-av-dfg_t32x128k32g21s32,llama-3.2-3b,10060.2,6788.5,11736.9,28585.5,1
orin-av-dfg_t32x128k32g21s32,llama-3.1-8b,13378.4,9039.0,15600.9,38018.4,1
orin-av-dfg_t32x64k32g11s32,llama-3.2-1b,10053.8,9028.4,7926.9,27009.1,1
orin-av-dfg_t32x64k32g11s32,llama-3.2-3b,10052.6,6791.3,11403.7,28247.7,1
orin-av-dfg_t32x64k32g11s32,llama-3.1-8b,13386.9,9038.2,15162.3,37587.4,1
orin-av-dfg_t64x64k32g11s32,llama-3.2-1b,10054.0,9030.8,6701.5,25786.3,1
orin-av-dfg_t64x64k32g11s32,llama-3.2-3b,10053.7,6796.6,9523.3,26373.6,1
orin-av-dfg_t64x64k32g11s32,llama-3.1-8b,13388.8,9043.5,12601.3,35033.6,1
orin-av-dfh_t32x128k32g11s32,llama-3.2-1b,10045.7,9030.0,3836.5,22912.2,1
orin-av-dfh_t32x128k32g11s32,llama-3.2-3b,10048.5,6794.9,8519.2,25362.6,1
orin-av-dfh_t32x128k32g11s32,llama-3.1-8b,13367.3,9038.1,11265.0,33670.5,1
orin-av-dfh_t32x128k32g21s32,llama-3.2-1b,10064.0,9039.4,3848.7,22952.1,1
orin-av-dfh_t32x128k32g21s32,llama-3.2-3b,10032.4,6786.6,12108.1,28927.1,1
orin-av-dfh_t32x128k32g21s32,llama-3.1-8b,13386.2,9038.3,16031.5,38455.9,1
orin-av-dfh_t32x64k32g11s32,llama-3.2-1b,10069.5,9040.4,7330.1,26440.1,1
orin-av-dfh_t32x64k32g11s32,llama-3.2-3b,10037.0,6792.3,10869.7,27698.9,1
orin-av-dfh_t32x64k32g11s32,llama-3.1-8b,13396.6,9042.5,14453.9,36892.9,1
orin-av-dfh_t64x64k32g11s32,llama-3.2-1b,10054.3,9034.5,5846.2,24935.1,1
orin-av-dfh_t64x64k32g11s32,llama-3.2-3b,10056.4,6801.5,8536.3,25394.3,1
orin-av-dfh_t64x64k32g11s32,llama-3.1-8b,13380.3,9041.3,11286.7,33708.4,1
orin-av-ml_t128x128k32g42s32,llama-3.2-1b,10061.6,9032.4,3840.8,22934.8,1
orin-av-ml_t128x128k32g42s32,llama-3.2-3b,10049.9,6791.5,5942.4,22783.8,1
orin-av-ml_t128x128k32g42s32,llama-3.1-8b,13382.3,9035.4,7777.6,30195.2,1
orin-av-ml_t128x128k32g44s32,llama-3.2-1b,10065.2,9043.4,3840.0,22948.6,1
orin-av-ml_t128x128k32g44s32,llama-3.2-3b,10042.4,6793.1,5276.7,22112.2,1
orin-av-ml_t128x128k32g44s32,llama-3.1-8b,13389.2,9035.0,6955.5,29379.8,1
orin-av-ml_t128x64k32g24s32,llama-3.2-1b,10066.2,9044.8,4126.0,23237.0,1
orin-av-ml_t128x64k32g24s32,llama-3.2-3b,10037.2,6792.2,5763.2,22592.7,1
orin-av-ml_t128x64k32g24s32,llama-3.1-8b,13400.4,9046.4,7583.1,30029.9,1
orin-av-ml_t128x64k32g42s32,llama-3.2-1b,10070.0,9034.1,4284.1,23388.1,1
orin-av-ml_t128x64k32g42s32,llama-3.2-3b,10045.6,6791.2,6017.2,22854.0,1
orin-av-ml_t128x64k32g42s32,llama-3.1-8b,13387.9,9037.7,7901.6,30327.2,1
orin-av-ml_t128x64k32g44s32,llama-3.2-1b,10066.6,9039.8,4731.8,23838.2,1
orin-av-ml_t128x64k32g44s32,llama-3.2-3b,10051.7,6794.3,6192.5,23038.5,1
orin-av-ml_t128x64k32g44s32,llama-3.1-8b,13389.8,9038.0,8136.2,30564.0,1
orin-av-ml_t256x64k32g42s32,llama-3.2-1b,10060.1,9042.4,6098.4,25200.9,1
orin-av-ml_t256x64k32g42s32,llama-3.2-3b,10032.7,6790.0,8676.0,25498.6,1
orin-av-ml_t256x64k32g42s32,llama-3.1-8b,13384.1,9029.4,11421.3,33834.8,1
orin-av-ml_t256x64k32g44s32,llama-3.2-1b,10063.0,9039.8,5046.6,24149.5,1
orin-av-ml_t256x64k32g44s32,llama-3.2-3b,10040.8,6785.7,6950.9,23777.4,1
orin-av-ml_t256x64k32g44s32,llama-3.1-8b,13406.0,9043.8,9164.8,31614.6,1
orin-av-ml_t32x64k32g42s32,llama-3.2-1b,10049.8,9027.9,5675.4,24753.2,1
orin-av-ml_t32x64k32g42s32,llama-3.2-3b,10051.6,6796.9,8285.7,25134.2,1
orin-av-ml_t32x64k32g42s32,llama-3.1-8b,13380.8,9036.3,10957.3,33374.4,1
orin-av-ml_t64x128k32g42s32,llama-3.2-1b,10058.5,9038.7,3831.0,22928.2,1
orin-av-ml_t64x128k32g42s32,llama-3.2-3b,10030.0,6786.4,5142.7,21959.0,1
orin-av-ml_t64x128k32g42s32,llama-3.1-8b,13394.1,9033.9,6754.3,29182.3,1
orin-av-ml_t64x128k32g44s32,llama-3.2-1b,10069.5,9043.0,3832.7,22945.1,1
orin-av-ml_t64x128k32g44s32,llama-3.2-3b,10050.2,6795.7,5559.3,22405.2,1
orin-av-ml_t64x128k32g44s32,llama-3.1-8b,13394.1,9043.7,7350.3,29788.0,1
orin-av-t64x64k32g24s32,llama-3.2-1b,10062.2,9037.5,3862.7,22962.3,1
orin-av-t64x64k32g24s32,llama-3.2-3b,10004.6,6773.8,5576.6,22354.9,1
orin-av-t64x64k32g24s32,llama-3.1-8b,13389.7,9035.5,7412.1,29837.3,1
orin-av-t64x64k32g42s32,llama-3.2-1b,10048.2,9024.5,3843.4,22916.1,1
orin-av-t64x64k32g42s32,llama-3.2-3b,10049.0,6798.8,5600.7,22448.5,1
orin-av-t64x64k32g42s32,llama-3.1-8b,13396.0,9036.7,7398.3,29831.0,1
orin-qk-df_t128x128k32g22s32nf,llama-3.2-1b,10125.7,9030.8,3838.6,22995.1,1
orin-qk-df_t128x128k32g22s32nf,llama-3.2-3b,13032.7,6788.9,5592.4,25414.0,1
orin-qk-df_t128x128k32g22s32nf,llama-3.1-8b,17323.9,9034.6,7382.8,33741.3,1
orin-qk-df_t128x64k32g22s32nf,llama-3.2-1b,13237.8,9040.3,3831.6,26109.7,1
orin-qk-df_t128x64k32g22s32nf,llama-3.2-3b,17904.4,6790.8,5585.7,30280.9,1
orin-qk-df_t128x64k32g22s32nf,llama-3.1-8b,23868.4,9034.6,7385.3,40288.3,1
orin-qk-df_t128x64k32g42s32nf,llama-3.2-1b,20488.4,9039.5,3838.0,33365.9,1
orin-qk-df_t128x64k32g42s32nf,llama-3.2-3b,28654.7,6784.8,5582.8,41022.3,1
orin-qk-df_t128x64k32g42s32nf,llama-3.1-8b,38157.6,9018.8,7378.0,54554.4,1
orin-qk-df_t16x64k32g11s32nf,llama-3.2-1b,20219.3,9034.3,3831.3,33084.9,1
orin-qk-df_t16x64k32g11s32nf,llama-3.2-3b,28431.4,6793.4,5584.1,40808.9,1
orin-qk-df_t16x64k32g11s32nf,llama-3.1-8b,37927.0,9037.1,7387.9,54351.9,1
orin-qk-df_t32x32k32g11s32nf,llama-3.2-1b,16465.5,9038.9,3832.8,29337.1,1
orin-qk-df_t32x32k32g11s32nf,llama-3.2-3b,22714.4,6797.8,5583.1,35095.3,1
orin-qk-df_t32x32k32g11s32nf,llama-3.1-8b,30275.0,9034.8,7389.9,46699.7,1
orin-qk-df_t32x64k32g11s32nf,llama-3.2-1b,13121.5,9038.6,3837.9,25998.0,1
orin-qk-df_t32x64k32g11s32nf,llama-3.2-3b,17770.3,6797.4,5594.7,30162.3,1
orin-qk-df_t32x64k32g11s32nf,llama-3.1-8b,23700.5,9040.9,7379.0,40120.4,1
orin-qk-df_t64x32k32g11s32nf,llama-3.2-1b,13085.0,9043.0,3840.2,25968.2,1
orin-qk-df_t64x32k32g11s32nf,llama-3.2-3b,17737.6,6794.5,5582.2,30114.3,1
orin-qk-df_t64x32k32g11s32nf,llama-3.1-8b,23684.6,9037.8,7384.0,40106.3,1
orin-qk-df_t64x64k32g11s32nf,llama-3.2-1b,10268.2,9040.7,3832.0,23140.9,1
orin-qk-df_t64x64k32g11s32nf,llama-3.2-3b,12960.8,6794.2,5586.1,25341.1,1
orin-qk-df_t64x64k32g11s32nf,llama-3.1-8b,17218.9,9031.6,7391.0,33641.4,1
orin-qk-df_t64x64k32g22s32nf,llama-3.2-1b,16607.9,9040.0,3846.5,29494.4,1
orin-qk-df_t64x64k32g22s32nf,llama-3.2-3b,22816.8,6790.2,5598.5,35205.4,1
orin-qk-df_t64x64k32g22s32nf,llama-3.1-8b,30473.8,9032.8,7389.0,46895.6,1
orin-qk-dfg_t32x64k32g11s32nf,llama-3.2-1b,13128.5,9038.3,3831.9,25998.8,1
orin-qk-dfg_t32x64k32g11s32nf,llama-3.2-3b,17987.3,6795.3,5584.2,30366.8,1
orin-qk-dfg_t32x64k32g11s32nf,llama-3.1-8b,23901.5,9034.5,7394.2,40330.2,1
orin-qk-dfg_t64x64k32g11s32nf,llama-3.2-1b,9817.5,9078.6,3831.3,22727.4,1
orin-qk-dfg_t64x64k32g11s32nf,llama-3.2-3b,13268.7,6823.4,5582.1,25674.1,1
orin-qk-dfg_t64x64k32g11s32nf,llama-3.1-8b,17649.2,9084.7,7387.0,34121.0,1
orin-qk-dfg_t64x64k32g22s32nf,llama-3.2-1b,16699.7,9043.2,3834.8,29577.7,1
orin-qk-dfg_t64x64k32g22s32nf,llama-3.2-3b,22936.0,6792.5,5599.5,35328.0,1
orin-qk-dfg_t64x64k32g22s32nf,llama-3.1-8b,30636.7,9034.6,7391.3,47062.6,1
orin-qk-dfh_t32x64k32g11s32nf,llama-3.2-1b,13306.9,9046.5,3834.5,26187.9,1
orin-qk-dfh_t32x64k32g11s32nf,llama-3.2-3b,17683.6,6798.4,5600.1,30082.1,1
orin-qk-dfh_t32x64k32g11s32nf,llama-3.1-8b,23558.0,9035.4,7385.8,39979.2,1
orin-qk-dfh_t64x64k32g11s32nf,llama-3.2-1b,10025.8,9076.1,3830.1,22932.0,1
orin-qk-dfh_t64x64k32g11s32nf,llama-3.2-3b,12640.1,6822.4,5575.9,25038.4,1
orin-qk-dfh_t64x64k32g11s32nf,llama-3.1-8b,16839.6,9081.0,7389.2,33309.8,1
orin-qk-dfh_t64x64k32g22s32nf,llama-3.2-1b,16571.4,9038.9,3842.2,29452.6,1
orin-qk-dfh_t64x64k32g22s32nf,llama-3.2-3b,22911.7,6793.2,5581.4,35286.3,1
orin-qk-dfh_t64x64k32g22s32nf,llama-3.1-8b,30592.8,9036.8,7391.8,47021.4,1
orin-qk-pk_t128x64k32g24s32nf,llama-3.2-1b,7397.8,9027.8,3848.2,20273.8,1
orin-qk-pk_t128x64k32g24s32nf,llama-3.2-3b,8017.0,6781.9,5589.5,20388.4,1
orin-qk-pk_t128x64k32g24s32nf,llama-3.1-8b,10671.3,9033.7,7385.3,27090.3,1
orin-qk-pk_t128x64k32g42s32nf,llama-3.2-1b,6843.2,9035.8,3848.2,19727.1,1
orin-qk-pk_t128x64k32g42s32nf,llama-3.2-3b,7708.4,6797.4,5586.0,20091.8,1
orin-qk-pk_t128x64k32g42s32nf,llama-3.1-8b,10259.0,9040.1,7398.9,26698.0,1
orin-qk-pk_t128x64k32g44s32nf,llama-3.2-1b,7442.0,9043.8,3829.2,20315.0,1
orin-qk-pk_t128x64k32g44s32nf,llama-3.2-3b,8439.6,6786.8,5578.8,20805.2,1
orin-qk-pk_t128x64k32g44s32nf,llama-3.1-8b,11203.0,9035.4,7384.8,27623.1,1
orin-qk-pk_t128x64k64g42s32nf,llama-3.2-1b,6729.5,9039.3,3830.7,19599.5,1
orin-qk-pk_t128x64k64g42s32nf,llama-3.2-3b,7089.1,6789.8,5598.5,19477.4,1
orin-qk-pk_t128x64k64g42s32nf,llama-3.1-8b,9400.8,9040.0,7393.4,25834.2,1
orin-qk-pk_t32x64k32g42s32nf,llama-3.2-1b,9490.9,9027.6,3833.4,22352.0,1
orin-qk-pk_t32x64k32g42s32nf,llama-3.2-3b,11569.9,6788.2,5587.0,23945.1,1
orin-qk-pk_t32x64k32g42s32nf,llama-3.1-8b,15403.4,9039.1,7383.8,31826.3,1
orin-qk-pk_t64x128k32g42s32nf,llama-3.2-1b,7356.8,9026.4,3822.4,20205.5,1
orin-qk-pk_t64x128k32g42s32nf,llama-3.2-3b,8079.8,6787.7,5585.8,20453.3,1
orin-qk-pk_t64x128k32g42s32nf,llama-3.1-8b,10753.4,9036.8,7395.0,27185.2,1
orin-qk-pk_t64x64k32g21s32nf,llama-3.2-1b,6856.1,9026.8,3833.6,19716.6,1
orin-qk-pk_t64x64k32g21s32nf,llama-3.2-3b,7899.8,6795.9,5591.4,20287.1,1
orin-qk-pk_t64x64k32g21s32nf,llama-3.1-8b,10484.5,9043.5,7399.3,26927.2,1
orin-qk-pk_t64x64k32g22s32nf,llama-3.2-1b,6793.7,9020.5,3832.9,19647.1,1
orin-qk-pk_t64x64k32g22s32nf,llama-3.2-3b,7891.9,6787.5,5585.5,20264.9,1
orin-qk-pk_t64x64k32g22s32nf,llama-3.1-8b,10496.5,9038.6,7392.7,26927.7,1
orin-qk-pk_t64x64k32g42s32nf,llama-3.2-1b,7255.4,9030.9,3844.3,20130.6,1
orin-qk-pk_t64x64k32g42s32nf,llama-3.2-3b,8540.6,6792.5,5587.3,20920.4,1
orin-qk-pk_t64x64k32g42s32nf,llama-3.1-8b,11369.5,9041.5,7400.7,27811.7,1
orin-qk-pk_t64x64k32g44s32nf,llama-3.2-1b,9858.6,9041.5,3832.4,22732.5,1
orin-qk-pk_t64x64k32g44s32nf,llama-3.2-3b,11304.4,6792.3,5576.7,23673.4,1
orin-qk-pk_t64x64k32g44s32nf,llama-3.1-8b,15013.0,9041.6,7419.4,31474.0,1
orin-qk-t128x64k32g22s32nf,llama-3.2-1b,7440.5,9031.4,3822.4,20294.3,1
orin-qk-t128x64k32g22s32nf,llama-3.2-3b,8405.1,6789.4,5582.7,20777.2,1
orin-qk-t128x64k32g22s32nf,llama-3.1-8b,11202.7,9042.1,7403.7,27648.6,1
orin-qk-t128x64k32g24s32nf,llama-3.2-1b,7581.8,9037.8,3833.2,20452.8,1
orin-qk-t128x64k32g24s32nf,llama-3.2-3b,8350.9,6787.2,5579.4,20717.5,1
orin-qk-t128x64k32g24s32nf,llama-3.1-8b,11163.5,9036.9,7404.1,27604.5,1
orin-qk-t128x64k32g42s32,llama-3.2-1b,10059.6,9039.3,3838.2,22937.0,1
orin-qk-t128x64k32g42s32,llama-3.2-3b,10044.3,6796.0,5580.1,22420.5,1
orin-qk-t128x64k32g42s32,llama-3.1-8b,13401.5,9042.4,7394.8,29838.7,1
orin-qk-t128x64k32g42s32nf,llama-3.2-1b,7384.9,9027.5,3838.7,20251.0,1
orin-qk-t128x64k32g42s32nf,llama-3.2-3b,8324.0,6791.9,5579.6,20695.5,1
orin-qk-t128x64k32g42s32nf,llama-3.1-8b,11116.3,9044.1,7393.1,27553.5,1
