gpu,model,scheme,build,dispatch_ms,graph_ms,n_dispatch,executions,linear_op_ms
orin,1b,4w,cand,1225.209,1226.403,507,2,658.433
orin,1b,4w,parent,1359.22,1360.357,523,2,659.145
orin,1b,8da4w,cand,1333.898,1335.192,684,2,820.423
orin,1b,8da4w,parent,1469.881,1471.112,700,2,824.109
orin,3b,4w,cand,3086.747,3088.162,879,2,1866.15
orin,3b,4w,parent,3236.574,3238.033,907,2,1868.613
orin,3b,8da4w,cand,3420.034,3421.728,1188,2,2267.266
orin,3b,8da4w,parent,3571.033,3572.616,1216,2,2272.748
orin,8b,4w,cand,6686.125,6687.15,1003,2,4659.266
orin,8b,4w,parent,6916.629,6918.177,1035,2,4669.226
orin,8b,8da4w,cand,7363.085,7364.85,1356,2,5463.158
orin,8b,8da4w,parent,7588.57,7590.277,1388,2,5470.425
