7bb715f7cc	7bb715f7cc3feda5460a35f74d9618e3855acfe6	5abb6aa6dfd01ba6b32be72fbdf6ef0e	/sarc-c/gpusw/users/yanwen.xu/vulkan.samsung.so.5abb6aa6dfd01ba6b32be72fbdf6ef0e-backup-20260721	1
f14c51b6f8	f14c51b6f850dbe6d1becfccef8e264e435c373b	5abb6aa6dfd01ba6b32be72fbdf6ef0e	/sarc-c/gpusw/users/yanwen.xu/vulkan.samsung.so.5abb6aa6dfd01ba6b32be72fbdf6ef0e-backup-20260721	1
f14c51b6f8	f14c51b6f850dbe6d1becfccef8e264e435c373b	c9861e9906d03fa2c7d48b804e1a1c80	/sarc-c/gpusw/users/yanwen.xu/vulkan.samsung.so.c9861e9906d03fa2c7d48b804e1a1c80-backup-20260721	1
7bb715f7cc	7bb715f7cc3feda5460a35f74d9618e3855acfe6	c9861e9906d03fa2c7d48b804e1a1c80	/sarc-c/gpusw/users/yanwen.xu/vulkan.samsung.so.c9861e9906d03fa2c7d48b804e1a1c80-backup-20260721	1
e85497828f	e85497828f191ab1a41ffcc1d02da45719d7f8b3	c9861e9906d03fa2c7d48b804e1a1c80	/sarc-c/gpusw/users/yanwen.xu/vulkan.samsung.so.c9861e9906d03fa2c7d48b804e1a1c80-backup-20260721	1
f8d24657a4	f8d24657a44069b95ee81ce1879820364fb16261	c9861e9906d03fa2c7d48b804e1a1c80	/sarc-c/gpusw/users/yanwen.xu/vulkan.samsung.so.c9861e9906d03fa2c7d48b804e1a1c80-backup-20260721	1
674d11d8ec	674d11d8ec3ddc7d822539e0c2e61f0fbe8825e6	c9861e9906d03fa2c7d48b804e1a1c80	/sarc-c/gpusw/users/yanwen.xu/vulkan.samsung.so.c9861e9906d03fa2c7d48b804e1a1c80-backup-20260721	1
c4153769bb	c4153769bb8b6968b37e85a1e9fd720723dc7d6d	c9861e9906d03fa2c7d48b804e1a1c80	/sarc-c/gpusw/users/yanwen.xu/vulkan.samsung.so.c9861e9906d03fa2c7d48b804e1a1c80-backup-20260721	1
02c6a42337	02c6a42337dc63081dc738746620edafed8cc5ae	c9861e9906d03fa2c7d48b804e1a1c80	/sarc-c/gpusw/users/yanwen.xu/vulkan.samsung.so.c9861e9906d03fa2c7d48b804e1a1c80-backup-20260721	1
63bcd7824a	63bcd7824ad3132c47ff350baadcada5cf4473a4	c9861e9906d03fa2c7d48b804e1a1c80	/sarc-c/gpusw/users/yanwen.xu/vulkan.samsung.so.c9861e9906d03fa2c7d48b804e1a1c80-backup-20260721	1
c259018f96	c259018f961af2eb9c9f262d3f4f4e8aa6ecd838	c9861e9906d03fa2c7d48b804e1a1c80	/sarc-c/gpusw/users/yanwen.xu/vulkan.samsung.so.c9861e9906d03fa2c7d48b804e1a1c80-backup-20260721	1
308a98df10	308a98df10e03e1450740d2a2adaa5e0de205ad6	c9861e9906d03fa2c7d48b804e1a1c80	/sarc-c/gpusw/users/yanwen.xu/vulkan.samsung.so.c9861e9906d03fa2c7d48b804e1a1c80-backup-20260721	1
805609f0da	805609f0dabbbbe4f1b1687adf1d35a0b1e8a6f9	c9861e9906d03fa2c7d48b804e1a1c80	/sarc-c/gpusw/users/yanwen.xu/vulkan.samsung.so.c9861e9906d03fa2c7d48b804e1a1c80-backup-20260721	1
