gpu,host,model,scheme,build,rep,slot,tok_s,rc,temp_pre,temp_post,cool_s,clocks,others,utc,log
s26,host-ws1,1b,4w,stock,1,1,488.55,0,33,58,2,n/a (no root: kgsl clock nodes not readable),,2026-09-28T16:17:18Z,logs/prefill-1b-4w-stock-r1.log
s26,host-ws1,1b,4w,sarc,1,2,550.982,0,38,53,12,n/a (no root: kgsl clock nodes not readable),,2026-09-28T16:17:41Z,logs/prefill-1b-4w-sarc-r1.log
s26,host-ws1,1b,4w,sarc,2,1,577.552,0,38,54,12,n/a (no root: kgsl clock nodes not readable),,2026-09-28T16:18:04Z,logs/prefill-1b-4w-sarc-r2.log
s26,host-ws1,1b,4w,stock,2,2,590.712,0,39,62,13,n/a (no root: kgsl clock nodes not readable),,2026-09-28T16:18:26Z,logs/prefill-1b-4w-stock-r2.log
s26,host-ws1,1b,4w,stock,3,1,510.596,0,40,65,13,n/a (no root: kgsl clock nodes not readable),,2026-09-28T16:18:48Z,logs/prefill-1b-4w-stock-r3.log
s26,host-ws1,1b,4w,sarc,3,2,544.391,0,42,55,13,n/a (no root: kgsl clock nodes not readable),,2026-09-28T16:19:12Z,logs/prefill-1b-4w-sarc-r3.log
s26,host-ws1,1b,4w,sarc,4,1,570.474,0,41,56,12,n/a (no root: kgsl clock nodes not readable),,2026-09-28T16:19:35Z,logs/prefill-1b-4w-sarc-r4.log
s26,host-ws1,1b,4w,stock,4,2,584.642,0,41,64,12,n/a (no root: kgsl clock nodes not readable),,2026-09-28T16:19:57Z,logs/prefill-1b-4w-stock-r4.log
s26,host-ws1,1b,4w,stock,5,1,555.767,0,42,65,12,n/a (no root: kgsl clock nodes not readable),,2026-09-28T16:20:19Z,logs/prefill-1b-4w-stock-r5.log
s26,host-ws1,1b,4w,sarc,5,2,525.937,0,43,57,12,n/a (no root: kgsl clock nodes not readable),,2026-09-28T16:20:43Z,logs/prefill-1b-4w-sarc-r5.log
s26,host-ws1,1b,4w,stock,0,0,881.538,0,42,62,12,n/a (no root: kgsl clock nodes not readable),,2026-09-28T16:20:59Z,logs/check-1b-4w-stock-r0.log
s26,host-ws1,1b,4w,sarc,0,0,617.214,0,41,62,13,n/a (no root: kgsl clock nodes not readable),,2026-09-28T16:21:19Z,logs/check-1b-4w-sarc-r0.log
s26,host-ws1,1b,8da4w,stock,1,1,769.925,0,41,60,12,n/a (no root: kgsl clock nodes not readable),,2026-09-28T16:21:39Z,logs/prefill-1b-8da4w-stock-r1.log
s26,host-ws1,1b,8da4w,sarc,1,2,774.877,0,42,58,12,n/a (no root: kgsl clock nodes not readable),,2026-09-28T16:21:58Z,logs/prefill-1b-8da4w-sarc-r1.log
s26,host-ws1,1b,8da4w,sarc,2,1,771.956,0,41,56,13,n/a (no root: kgsl clock nodes not readable),,2026-09-28T16:22:19Z,logs/prefill-1b-8da4w-sarc-r2.log
s26,host-ws1,1b,8da4w,stock,2,2,769.635,0,41,58,12,n/a (no root: kgsl clock nodes not readable),,2026-09-28T16:22:39Z,logs/prefill-1b-8da4w-stock-r2.log
s26,host-ws1,1b,8da4w,stock,3,1,769.635,0,41,58,12,n/a (no root: kgsl clock nodes not readable),,2026-09-28T16:22:58Z,logs/prefill-1b-8da4w-stock-r3.log
s26,host-ws1,1b,8da4w,sarc,3,2,793.798,0,41,57,13,n/a (no root: kgsl clock nodes not readable),,2026-09-28T16:23:19Z,logs/prefill-1b-8da4w-sarc-r3.log
s26,host-ws1,1b,8da4w,sarc,4,1,771.375,0,41,55,12,n/a (no root: kgsl clock nodes not readable),,2026-09-28T16:23:39Z,logs/prefill-1b-8da4w-sarc-r4.log
s26,host-ws1,1b,8da4w,stock,4,2,765.607,0,41,57,13,n/a (no root: kgsl clock nodes not readable),,2026-09-28T16:24:00Z,logs/prefill-1b-8da4w-stock-r4.log
s26,host-ws1,1b,8da4w,stock,5,1,777.23,0,41,56,12,n/a (no root: kgsl clock nodes not readable),,2026-09-28T16:24:20Z,logs/prefill-1b-8da4w-stock-r5.log
s26,host-ws1,1b,8da4w,sarc,5,2,784.374,0,41,57,13,n/a (no root: kgsl clock nodes not readable),,2026-09-28T16:24:41Z,logs/prefill-1b-8da4w-sarc-r5.log
s26,host-ws1,1b,8da4w,stock,0,0,1326.16,0,41,56,12,n/a (no root: kgsl clock nodes not readable),,2026-09-28T16:24:57Z,logs/check-1b-8da4w-stock-r0.log
s26,host-ws1,1b,8da4w,sarc,0,0,1325.27,0,40,54,12,n/a (no root: kgsl clock nodes not readable),,2026-09-28T16:25:14Z,logs/check-1b-8da4w-sarc-r0.log
s26,host-ws1,3b,4w,stock,1,1,238.806,0,44,58,1,n/a (no root: kgsl clock nodes not readable),,2026-09-28T16:25:34Z,logs/prefill-3b-4w-stock-r1.log
s26,host-ws1,3b,4w,sarc,1,2,297.07,0,41,64,34,n/a (no root: kgsl clock nodes not readable),,2026-09-28T16:26:26Z,logs/prefill-3b-4w-sarc-r1.log
s26,host-ws1,3b,4w,sarc,2,1,301.664,0,41,64,34,n/a (no root: kgsl clock nodes not readable),,2026-09-28T16:27:17Z,logs/prefill-3b-4w-sarc-r2.log
s26,host-ws1,3b,4w,stock,2,2,212.426,0,41,56,35,n/a (no root: kgsl clock nodes not readable),,2026-09-28T16:28:11Z,logs/prefill-3b-4w-stock-r2.log
s26,host-ws1,3b,4w,stock,3,1,183.299,0,41,53,33,n/a (no root: kgsl clock nodes not readable),,2026-09-28T16:29:05Z,logs/prefill-3b-4w-stock-r3.log
s26,host-ws1,3b,4w,sarc,3,2,301.709,0,41,67,46,n/a (no root: kgsl clock nodes not readable),,2026-09-28T16:30:08Z,logs/prefill-3b-4w-sarc-r3.log
s26,host-ws1,3b,4w,sarc,4,1,296.382,0,41,62,44,n/a (no root: kgsl clock nodes not readable),,2026-09-28T16:31:10Z,logs/prefill-3b-4w-sarc-r4.log
s26,host-ws1,3b,4w,stock,4,2,190.583,0,41,54,34,n/a (no root: kgsl clock nodes not readable),,2026-09-28T16:32:04Z,logs/prefill-3b-4w-stock-r4.log
s26,host-ws1,3b,4w,stock,5,1,191.116,0,40,54,45,n/a (no root: kgsl clock nodes not readable),,2026-09-28T16:33:09Z,logs/prefill-3b-4w-stock-r5.log
s26,host-ws1,3b,4w,sarc,5,2,294.888,0,40,63,44,n/a (no root: kgsl clock nodes not readable),,2026-09-28T16:34:11Z,logs/prefill-3b-4w-sarc-r5.log
s26,host-ws1,3b,4w,stock,0,0,299.287,0,40,67,45,n/a (no root: kgsl clock nodes not readable),,2026-09-28T16:35:05Z,logs/check-3b-4w-stock-r0.log
s26,host-ws1,3b,4w,sarc,0,0,208.457,0,41,62,33,n/a (no root: kgsl clock nodes not readable),,2026-09-28T16:35:52Z,logs/check-3b-4w-sarc-r0.log
s26,host-ws1,3b,8da4w,stock,1,1,358.669,0,40,69,44,n/a (no root: kgsl clock nodes not readable),,2026-09-28T16:36:51Z,logs/prefill-3b-8da4w-stock-r1.log
s26,host-ws1,3b,8da4w,sarc,1,2,349.846,0,41,67,44,n/a (no root: kgsl clock nodes not readable),,2026-09-28T16:37:49Z,logs/prefill-3b-8da4w-sarc-r1.log
s26,host-ws1,3b,8da4w,sarc,2,1,360.246,0,40,67,44,n/a (no root: kgsl clock nodes not readable),,2026-09-28T16:38:47Z,logs/prefill-3b-8da4w-sarc-r2.log
s26,host-ws1,3b,8da4w,stock,2,2,363.636,0,40,65,44,n/a (no root: kgsl clock nodes not readable),,2026-09-28T16:39:45Z,logs/prefill-3b-8da4w-stock-r2.log
s26,host-ws1,3b,8da4w,stock,3,1,352.556,0,40,68,44,n/a (no root: kgsl clock nodes not readable),,2026-09-28T16:40:43Z,logs/prefill-3b-8da4w-stock-r3.log
s26,host-ws1,3b,8da4w,sarc,3,2,364.154,0,41,69,44,n/a (no root: kgsl clock nodes not readable),,2026-09-28T16:41:41Z,logs/prefill-3b-8da4w-sarc-r3.log
s26,host-ws1,3b,8da4w,sarc,4,1,375.504,0,40,67,44,n/a (no root: kgsl clock nodes not readable),,2026-09-28T16:42:39Z,logs/prefill-3b-8da4w-sarc-r4.log
s26,host-ws1,3b,8da4w,stock,4,2,367.354,0,40,67,44,n/a (no root: kgsl clock nodes not readable),,2026-09-28T16:43:37Z,logs/prefill-3b-8da4w-stock-r4.log
s26,host-ws1,3b,8da4w,stock,5,1,368.345,0,40,64,45,n/a (no root: kgsl clock nodes not readable),,2026-09-28T16:44:36Z,logs/prefill-3b-8da4w-stock-r5.log
s26,host-ws1,3b,8da4w,sarc,5,2,372.702,0,40,68,44,n/a (no root: kgsl clock nodes not readable),,2026-09-28T16:45:34Z,logs/prefill-3b-8da4w-sarc-r5.log
s26,host-ws1,3b,8da4w,stock,0,0,509.035,0,41,65,44,n/a (no root: kgsl clock nodes not readable),,2026-09-28T16:46:25Z,logs/check-3b-8da4w-stock-r0.log
s26,host-ws1,3b,8da4w,sarc,0,0,465.643,0,41,66,23,n/a (no root: kgsl clock nodes not readable),,2026-09-28T16:46:55Z,logs/check-3b-8da4w-sarc-r0.log
