model,scheme,build,qk_ms,softmax_ms,av_ms,fused_ms,kv_copy_ms,attention_ms,linear_gemm_ms,other_ms,total_ms,attention_share
1b,4w,cand,0.00,0.00,0.00,5.72,0.11,5.84,34.24,16.27,56.34,0.1036
1b,4w,parent,4.17,7.47,5.49,0.00,0.00,17.13,34.28,16.16,67.56,0.2535
1b,8da4w,cand,0.00,0.00,0.00,5.75,0.11,5.86,27.76,16.57,50.19,0.1168
1b,8da4w,parent,4.15,7.46,5.28,0.00,0.00,16.89,27.65,16.45,61.00,0.2769
3b,4w,cand,0.00,0.00,0.00,13.65,0.35,14.00,96.59,33.16,143.74,0.0974
3b,4w,parent,8.46,9.80,8.14,0.00,0.00,26.40,96.90,33.16,156.47,0.1687
3b,8da4w,cand,0.00,0.00,0.00,13.42,0.33,13.75,75.00,35.14,123.89,0.1110
3b,8da4w,parent,8.24,9.71,8.07,0.00,0.00,26.02,73.22,34.71,133.95,0.1942
8b,4w,cand,0.00,0.00,0.00,20.32,0.44,20.76,239.14,60.69,320.59,0.0648
8b,4w,parent,13.00,14.93,11.62,0.00,0.00,39.55,239.40,60.96,339.91,0.1164
8b,8da4w,cand,0.00,0.00,0.00,19.36,0.37,19.73,180.95,71.08,271.75,0.0726
8b,8da4w,parent,12.50,14.83,11.51,0.00,0.00,38.84,181.12,71.18,291.14,0.1334
