2026-10-08T22:34:11Z,llama3_2-1b_vulkan_4w.pte,99,1,100,1b-4w-parent
2026-10-08T22:34:37Z,llama3_2-1b_vulkan_8da4w.pte,99,1,100,1b-8da4w-parent
2026-10-08T22:34:59Z,llama3_2-3b_vulkan_4w.pte,99,1,100,3b-4w-parent
2026-10-08T22:35:21Z,llama3_2-3b_vulkan_8da4w.pte,99,1,100,3b-8da4w-parent
2026-10-08T22:35:49Z,llama3_1-8b_vulkan_4w.pte,100,1,100,8b-4w-parent
2026-10-08T22:36:13Z,llama3_1-8b_vulkan_8da4w.pte,100,1,100,8b-8da4w-parent
2026-10-08T22:36:57Z,llama3_2-1b_vulkan_4w.pte,100,1,100,1b-4w-cand
2026-10-08T22:37:38Z,llama3_2-1b_vulkan_8da4w.pte,100,1,100,1b-8da4w-cand
2026-10-08T22:37:50Z,llama3_2-3b_vulkan_4w.pte,99,1,100,3b-4w-cand
2026-10-08T22:38:07Z,llama3_2-3b_vulkan_8da4w.pte,100,1,100,3b-8da4w-cand
2026-10-08T22:38:34Z,llama3_1-8b_vulkan_4w.pte,100,1,100,8b-4w-cand
2026-10-08T22:39:04Z,llama3_1-8b_vulkan_8da4w.pte,100,1,100,8b-8da4w-cand
