profile,rep,model,op,variant,mean_us,stdev_us,dispatch,temp_c,rc
b580-refine3,1,llama-3.1-8b,qk,tiled,4700.89,24.8452,confirmed,43,0
b580-refine3,1,llama-3.1-8b,softmax,tiled,1067.94,0.279072,confirmed,43,0
b580-refine3,1,llama-3.1-8b,av,tiled,5727.13,9.55602,confirmed,43,0
b580-refine3,1,llama-3.1-8b,total,tiled,11496,29.0585,confirmed,43,0
b580-refine3,1,llama-3.1-8b,qk,coopmat,570.929,1.61728,confirmed,43,0
b580-refine3,1,llama-3.1-8b,softmax,coopmat,1067.98,0.300983,confirmed,43,0
b580-refine3,1,llama-3.1-8b,av,coopmat,658.923,1.93751,confirmed,43,0
b580-refine3,1,llama-3.1-8b,total,coopmat,2297.83,0.889299,confirmed,43,0
b580-refine3,1,llama-3.2-3b,qk,tiled,3807.28,389.715,confirmed,43,0
b580-refine3,1,llama-3.2-3b,softmax,tiled,849.888,96.8596,confirmed,43,0
b580-refine3,1,llama-3.2-3b,av,tiled,4490.58,193.295,confirmed,43,0
b580-refine3,1,llama-3.2-3b,total,tiled,9147.76,679.743,confirmed,43,0
b580-refine3,1,llama-3.2-3b,qk,coopmat,440.45,1.84045,confirmed,43,0
b580-refine3,1,llama-3.2-3b,softmax,coopmat,807.664,0.502835,confirmed,43,0
b580-refine3,1,llama-3.2-3b,av,coopmat,517.254,5.02039,confirmed,43,0
b580-refine3,1,llama-3.2-3b,total,coopmat,1765.37,7.11038,confirmed,43,0
b580-refine3,1,llama-3.2-1b,qk,tiled,2539.44,11.8264,confirmed,43,0
b580-refine3,1,llama-3.2-1b,softmax,tiled,1068.83,0.813581,confirmed,43,0
b580-refine3,1,llama-3.2-1b,av,tiled,3020.37,3.78829,confirmed,43,0
b580-refine3,1,llama-3.2-1b,total,tiled,6628.64,8.97738,confirmed,43,0
b580-refine3,1,llama-3.2-1b,qk,coopmat,424.112,2.27348,confirmed,43,0
b580-refine3,1,llama-3.2-1b,softmax,coopmat,1070.21,0.582518,confirmed,43,0
b580-refine3,1,llama-3.2-1b,av,coopmat,495.227,3.99903,confirmed,43,0
b580-refine3,1,llama-3.2-1b,total,coopmat,1989.55,4.84385,confirmed,43,0
b580-fused-d64_t16x64s16m8g4roj,1,llama-3.1-8b,qk,tiled,4831.7,336.822,confirmed,44,0
b580-fused-d64_t16x64s16m8g4roj,1,llama-3.1-8b,softmax,tiled,1068.02,0.828245,confirmed,44,0
b580-fused-d64_t16x64s16m8g4roj,1,llama-3.1-8b,av,tiled,6015.04,621.839,confirmed,44,0
b580-fused-d64_t16x64s16m8g4roj,1,llama-3.1-8b,total,tiled,11914.8,959.129,confirmed,44,0
b580-fused-d64_t16x64s16m8g4roj,1,llama-3.1-8b,qk,coopmat,570.71,1.42474,confirmed,44,0
b580-fused-d64_t16x64s16m8g4roj,1,llama-3.1-8b,softmax,coopmat,1137.28,155.467,confirmed,44,0
b580-fused-d64_t16x64s16m8g4roj,1,llama-3.1-8b,av,coopmat,656.583,3.79611,confirmed,44,0
b580-fused-d64_t16x64s16m8g4roj,1,llama-3.1-8b,total,coopmat,2364.57,153.264,confirmed,44,0
b580-fused-d64_t16x64s16m8g4roj,1,llama-3.2-3b,qk,tiled,3625.99,9.09553,confirmed,44,0
b580-fused-d64_t16x64s16m8g4roj,1,llama-3.2-3b,softmax,tiled,806.062,0.641523,confirmed,44,0
b580-fused-d64_t16x64s16m8g4roj,1,llama-3.2-3b,av,tiled,4402.34,7.99188,confirmed,44,0
b580-fused-d64_t16x64s16m8g4roj,1,llama-3.2-3b,total,tiled,8834.4,9.38706,confirmed,44,0
b580-fused-d64_t16x64s16m8g4roj,1,llama-3.2-3b,qk,coopmat,477.017,75.7231,confirmed,44,0
b580-fused-d64_t16x64s16m8g4roj,1,llama-3.2-3b,softmax,coopmat,807.175,0.525942,confirmed,44,0
b580-fused-d64_t16x64s16m8g4roj,1,llama-3.2-3b,av,coopmat,607.485,189.36,confirmed,44,0
b580-fused-d64_t16x64s16m8g4roj,1,llama-3.2-3b,total,coopmat,1891.68,184.334,confirmed,44,0
b580-fused-d64_t16x64s16m8g4roj,1,llama-3.2-1b,qk,tiled,2530.92,8.06378,confirmed,44,0
b580-fused-d64_t16x64s16m8g4roj,1,llama-3.2-1b,softmax,tiled,1068.9,0.502028,confirmed,44,0
b580-fused-d64_t16x64s16m8g4roj,1,llama-3.2-1b,av,tiled,3030.22,23.77,confirmed,44,0
b580-fused-d64_t16x64s16m8g4roj,1,llama-3.2-1b,total,tiled,6630.04,22.3509,confirmed,44,0
b580-fused-d64_t16x64s16m8g4roj,1,llama-3.2-1b,qk,coopmat,0,0,confirmed,44,0
b580-fused-d64_t16x64s16m8g4roj,1,llama-3.2-1b,softmax,coopmat,0,0,confirmed,44,0
b580-fused-d64_t16x64s16m8g4roj,1,llama-3.2-1b,av,coopmat,0,0,confirmed,44,0
b580-fused-d64_t16x64s16m8g4roj,1,llama-3.2-1b,total,coopmat,725.525,7.23443,confirmed,44,0
b580-fused-d64_t8x32s16m8g2roj,1,llama-3.1-8b,qk,tiled,4836.72,330.001,confirmed,46,0
b580-fused-d64_t8x32s16m8g2roj,1,llama-3.1-8b,softmax,tiled,1067.92,0.223626,confirmed,46,0
b580-fused-d64_t8x32s16m8g2roj,1,llama-3.1-8b,av,tiled,6009.1,609.995,confirmed,46,0
b580-fused-d64_t8x32s16m8g2roj,1,llama-3.1-8b,total,tiled,11913.7,939.654,confirmed,46,0
b580-fused-d64_t8x32s16m8g2roj,1,llama-3.1-8b,qk,coopmat,570.866,1.42188,confirmed,46,0
b580-fused-d64_t8x32s16m8g2roj,1,llama-3.1-8b,softmax,coopmat,1067.97,0.677366,confirmed,46,0
b580-fused-d64_t8x32s16m8g2roj,1,llama-3.1-8b,av,coopmat,739.814,191.096,confirmed,46,0
b580-fused-d64_t8x32s16m8g2roj,1,llama-3.1-8b,total,coopmat,2378.65,192.52,confirmed,46,0
b580-fused-d64_t8x32s16m8g2roj,1,llama-3.2-3b,qk,tiled,3632.34,11.1414,confirmed,46,0
b580-fused-d64_t8x32s16m8g2roj,1,llama-3.2-3b,softmax,tiled,806.395,0.467407,confirmed,46,0
b580-fused-d64_t8x32s16m8g2roj,1,llama-3.2-3b,av,tiled,4403.47,6.59307,confirmed,46,0
b580-fused-d64_t8x32s16m8g2roj,1,llama-3.2-3b,total,tiled,8842.21,16.099,confirmed,46,0
b580-fused-d64_t8x32s16m8g2roj,1,llama-3.2-3b,qk,coopmat,441.47,2.35509,confirmed,46,0
b580-fused-d64_t8x32s16m8g2roj,1,llama-3.2-3b,softmax,coopmat,807.238,0.831493,confirmed,46,0
b580-fused-d64_t8x32s16m8g2roj,1,llama-3.2-3b,av,coopmat,520.385,3.10405,confirmed,46,0
b580-fused-d64_t8x32s16m8g2roj,1,llama-3.2-3b,total,coopmat,1769.09,2.29387,confirmed,46,0
b580-fused-d64_t8x32s16m8g2roj,1,llama-3.2-1b,qk,tiled,2538.54,7.7252,confirmed,46,0
b580-fused-d64_t8x32s16m8g2roj,1,llama-3.2-1b,softmax,tiled,1073.08,3.60687,confirmed,46,0
b580-fused-d64_t8x32s16m8g2roj,1,llama-3.2-1b,av,tiled,3028.27,8.09137,confirmed,46,0
b580-fused-d64_t8x32s16m8g2roj,1,llama-3.2-1b,total,tiled,6639.89,13.2778,confirmed,46,0
b580-fused-d64_t8x32s16m8g2roj,1,llama-3.2-1b,qk,coopmat,0,0,confirmed,46,0
b580-fused-d64_t8x32s16m8g2roj,1,llama-3.2-1b,softmax,coopmat,0,0,confirmed,46,0
b580-fused-d64_t8x32s16m8g2roj,1,llama-3.2-1b,av,coopmat,0,0,confirmed,46,0
b580-fused-d64_t8x32s16m8g2roj,1,llama-3.2-1b,total,coopmat,893.256,1.79493,confirmed,46,0
b580-fused-d128_t16x64s16m8g4oj,1,llama-3.1-8b,qk,tiled,4680.36,14.6247,confirmed,47,0
b580-fused-d128_t16x64s16m8g4oj,1,llama-3.1-8b,softmax,tiled,1067.92,0.544108,confirmed,47,0
b580-fused-d128_t16x64s16m8g4oj,1,llama-3.1-8b,av,tiled,5739.17,10.0323,confirmed,47,0
b580-fused-d128_t16x64s16m8g4oj,1,llama-3.1-8b,total,tiled,11487.5,10.9297,confirmed,47,0
b580-fused-d128_t16x64s16m8g4oj,1,llama-3.1-8b,qk,coopmat,0,0,confirmed,47,0
b580-fused-d128_t16x64s16m8g4oj,1,llama-3.1-8b,softmax,coopmat,0,0,confirmed,47,0
b580-fused-d128_t16x64s16m8g4oj,1,llama-3.1-8b,av,coopmat,0,0,confirmed,47,0
b580-fused-d128_t16x64s16m8g4oj,1,llama-3.1-8b,total,coopmat,1504.82,9.29585,confirmed,47,0
b580-fused-d128_t16x64s16m8g4oj,1,llama-3.2-3b,qk,tiled,3653.08,43.9738,confirmed,47,0
b580-fused-d128_t16x64s16m8g4oj,1,llama-3.2-3b,softmax,tiled,809.734,7.22149,confirmed,47,0
b580-fused-d128_t16x64s16m8g4oj,1,llama-3.2-3b,av,tiled,4400.1,6.12432,confirmed,47,0
b580-fused-d128_t16x64s16m8g4oj,1,llama-3.2-3b,total,tiled,8862.92,40.8428,confirmed,47,0
b580-fused-d128_t16x64s16m8g4oj,1,llama-3.2-3b,qk,coopmat,0,0,confirmed,47,0
b580-fused-d128_t16x64s16m8g4oj,1,llama-3.2-3b,softmax,coopmat,0,0,confirmed,47,0
b580-fused-d128_t16x64s16m8g4oj,1,llama-3.2-3b,av,coopmat,0,0,confirmed,47,0
b580-fused-d128_t16x64s16m8g4oj,1,llama-3.2-3b,total,coopmat,1208.93,9.24647,confirmed,47,0
b580-fused-d128_t16x64s16m8g4oj,1,llama-3.2-1b,qk,tiled,2538.58,7.24827,confirmed,47,0
b580-fused-d128_t16x64s16m8g4oj,1,llama-3.2-1b,softmax,tiled,1072.21,7.84001,confirmed,47,0
b580-fused-d128_t16x64s16m8g4oj,1,llama-3.2-1b,av,tiled,3045.59,24.9824,confirmed,47,0
b580-fused-d128_t16x64s16m8g4oj,1,llama-3.2-1b,total,tiled,6656.37,30.6385,confirmed,47,0
b580-fused-d128_t16x64s16m8g4oj,1,llama-3.2-1b,qk,coopmat,422.843,1.44322,confirmed,47,0
b580-fused-d128_t16x64s16m8g4oj,1,llama-3.2-1b,softmax,coopmat,1070.22,0.478535,confirmed,47,0
b580-fused-d128_t16x64s16m8g4oj,1,llama-3.2-1b,av,coopmat,492.034,3.65453,confirmed,47,0
b580-fused-d128_t16x64s16m8g4oj,1,llama-3.2-1b,total,coopmat,1985.1,3.03765,confirmed,47,0
b580-fused-d128_t8x64s16m8g4roj,1,llama-3.1-8b,qk,tiled,4680.46,5.34109,confirmed,47,0
b580-fused-d128_t8x64s16m8g4roj,1,llama-3.1-8b,softmax,tiled,1067.81,0.339768,confirmed,47,0
b580-fused-d128_t8x64s16m8g4roj,1,llama-3.1-8b,av,tiled,5757.22,5.78211,confirmed,47,0
b580-fused-d128_t8x64s16m8g4roj,1,llama-3.1-8b,total,tiled,11505.5,7.88372,confirmed,47,0
b580-fused-d128_t8x64s16m8g4roj,1,llama-3.1-8b,qk,coopmat,0,0,confirmed,47,0
b580-fused-d128_t8x64s16m8g4roj,1,llama-3.1-8b,softmax,coopmat,0,0,confirmed,47,0
b580-fused-d128_t8x64s16m8g4roj,1,llama-3.1-8b,av,coopmat,0,0,confirmed,47,0
b580-fused-d128_t8x64s16m8g4roj,1,llama-3.1-8b,total,coopmat,2042.47,2.80931,confirmed,47,0
b580-fused-d128_t8x64s16m8g4roj,1,llama-3.2-3b,qk,tiled,3715.14,185.314,confirmed,47,0
b580-fused-d128_t8x64s16m8g4roj,1,llama-3.2-3b,softmax,tiled,816.91,9.7076,confirmed,47,0
b580-fused-d128_t8x64s16m8g4roj,1,llama-3.2-3b,av,tiled,4651.59,440.731,confirmed,47,0
b580-fused-d128_t8x64s16m8g4roj,1,llama-3.2-3b,total,tiled,9183.64,616.488,confirmed,47,0
b580-fused-d128_t8x64s16m8g4roj,1,llama-3.2-3b,qk,coopmat,0,0,confirmed,47,0
b580-fused-d128_t8x64s16m8g4roj,1,llama-3.2-3b,softmax,coopmat,0,0,confirmed,47,0
b580-fused-d128_t8x64s16m8g4roj,1,llama-3.2-3b,av,coopmat,0,0,confirmed,47,0
b580-fused-d128_t8x64s16m8g4roj,1,llama-3.2-3b,total,coopmat,1711.14,195.216,confirmed,47,0
b580-fused-d128_t8x64s16m8g4roj,1,llama-3.2-1b,qk,tiled,2536.56,6.504,confirmed,47,0
b580-fused-d128_t8x64s16m8g4roj,1,llama-3.2-1b,softmax,tiled,1141.24,143.153,confirmed,47,0
b580-fused-d128_t8x64s16m8g4roj,1,llama-3.2-1b,av,tiled,3184.73,357.259,confirmed,47,0
b580-fused-d128_t8x64s16m8g4roj,1,llama-3.2-1b,total,tiled,6862.53,494.469,confirmed,47,0
b580-fused-d128_t8x64s16m8g4roj,1,llama-3.2-1b,qk,coopmat,421.013,3.46114,confirmed,47,0
b580-fused-d128_t8x64s16m8g4roj,1,llama-3.2-1b,softmax,coopmat,1069.8,0.523905,confirmed,47,0
b580-fused-d128_t8x64s16m8g4roj,1,llama-3.2-1b,av,coopmat,493.386,3.65084,confirmed,47,0
b580-fused-d128_t8x64s16m8g4roj,1,llama-3.2-1b,total,coopmat,1984.2,2.99681,confirmed,47,0
b580-fused-d128_t16x128s16m8g8oj,1,llama-3.1-8b,qk,tiled,4692.44,12.3002,confirmed,47,0
b580-fused-d128_t16x128s16m8g8oj,1,llama-3.1-8b,softmax,tiled,1067.82,0.336945,confirmed,47,0
b580-fused-d128_t16x128s16m8g8oj,1,llama-3.1-8b,av,tiled,5783.05,89.7155,confirmed,47,0
b580-fused-d128_t16x128s16m8g8oj,1,llama-3.1-8b,total,tiled,11543.3,99.3782,confirmed,47,0
b580-fused-d128_t16x128s16m8g8oj,1,llama-3.1-8b,qk,coopmat,0,0,confirmed,47,0
b580-fused-d128_t16x128s16m8g8oj,1,llama-3.1-8b,softmax,coopmat,0,0,confirmed,47,0
b580-fused-d128_t16x128s16m8g8oj,1,llama-3.1-8b,av,coopmat,0,0,confirmed,47,0
b580-fused-d128_t16x128s16m8g8oj,1,llama-3.1-8b,total,coopmat,1462.35,6.63181,confirmed,47,0
b580-fused-d128_t16x128s16m8g8oj,1,llama-3.2-3b,qk,tiled,3640.75,20.9122,confirmed,47,0
b580-fused-d128_t16x128s16m8g8oj,1,llama-3.2-3b,softmax,tiled,806.53,0.575993,confirmed,47,0
b580-fused-d128_t16x128s16m8g8oj,1,llama-3.2-3b,av,tiled,4404.4,11.2145,confirmed,47,0
b580-fused-d128_t16x128s16m8g8oj,1,llama-3.2-3b,total,tiled,8851.68,24.5229,confirmed,47,0
b580-fused-d128_t16x128s16m8g8oj,1,llama-3.2-3b,qk,coopmat,0,0,confirmed,47,0
b580-fused-d128_t16x128s16m8g8oj,1,llama-3.2-3b,softmax,coopmat,0,0,confirmed,47,0
b580-fused-d128_t16x128s16m8g8oj,1,llama-3.2-3b,av,coopmat,0,0,confirmed,47,0
b580-fused-d128_t16x128s16m8g8oj,1,llama-3.2-3b,total,coopmat,1134.54,2.72166,confirmed,47,0
b580-fused-d128_t16x128s16m8g8oj,1,llama-3.2-1b,qk,tiled,2534.13,5.35239,confirmed,47,0
b580-fused-d128_t16x128s16m8g8oj,1,llama-3.2-1b,softmax,tiled,1068.8,0.694182,confirmed,47,0
b580-fused-d128_t16x128s16m8g8oj,1,llama-3.2-1b,av,tiled,3029.72,3.2514,confirmed,47,0
b580-fused-d128_t16x128s16m8g8oj,1,llama-3.2-1b,total,tiled,6632.64,6.98561,confirmed,47,0
b580-fused-d128_t16x128s16m8g8oj,1,llama-3.2-1b,qk,coopmat,423.842,0.393281,confirmed,47,0
b580-fused-d128_t16x128s16m8g8oj,1,llama-3.2-1b,softmax,coopmat,1113.64,99.0029,confirmed,47,0
b580-fused-d128_t16x128s16m8g8oj,1,llama-3.2-1b,av,coopmat,535.922,94.4976,confirmed,47,0
b580-fused-d128_t16x128s16m8g8oj,1,llama-3.2-1b,total,coopmat,2073.41,193.211,confirmed,47,0
b580-fused-d128_t32x64s16m8g8oj,1,llama-3.1-8b,qk,tiled,4687.45,12.8679,confirmed,47,0
b580-fused-d128_t32x64s16m8g8oj,1,llama-3.1-8b,softmax,tiled,1067.58,0.408748,confirmed,47,0
b580-fused-d128_t32x64s16m8g8oj,1,llama-3.1-8b,av,tiled,5758.3,14.2764,confirmed,47,0
b580-fused-d128_t32x64s16m8g8oj,1,llama-3.1-8b,total,tiled,11513.3,22.7561,confirmed,47,0
b580-fused-d128_t32x64s16m8g8oj,1,llama-3.1-8b,qk,coopmat,0,0,confirmed,47,0
b580-fused-d128_t32x64s16m8g8oj,1,llama-3.1-8b,softmax,coopmat,0,0,confirmed,47,0
b580-fused-d128_t32x64s16m8g8oj,1,llama-3.1-8b,av,coopmat,0,0,confirmed,47,0
b580-fused-d128_t32x64s16m8g8oj,1,llama-3.1-8b,total,coopmat,611.697,2.56562,confirmed,47,0
b580-fused-d128_t32x64s16m8g8oj,1,llama-3.2-3b,qk,tiled,3757.73,262.845,confirmed,47,0
b580-fused-d128_t32x64s16m8g8oj,1,llama-3.2-3b,softmax,tiled,903.614,147.076,confirmed,47,0
b580-fused-d128_t32x64s16m8g8oj,1,llama-3.2-3b,av,tiled,4715.01,699.755,confirmed,47,0
b580-fused-d128_t32x64s16m8g8oj,1,llama-3.2-3b,total,tiled,9376.35,825.983,confirmed,47,0
b580-fused-d128_t32x64s16m8g8oj,1,llama-3.2-3b,qk,coopmat,0,0,confirmed,47,0
b580-fused-d128_t32x64s16m8g8oj,1,llama-3.2-3b,softmax,coopmat,0,0,confirmed,47,0
b580-fused-d128_t32x64s16m8g8oj,1,llama-3.2-3b,av,coopmat,0,0,confirmed,47,0
b580-fused-d128_t32x64s16m8g8oj,1,llama-3.2-3b,total,coopmat,481.26,3.09563,confirmed,47,0
b580-fused-d128_t32x64s16m8g8oj,1,llama-3.2-1b,qk,tiled,2534.7,4.87739,confirmed,47,0
b580-fused-d128_t32x64s16m8g8oj,1,llama-3.2-1b,softmax,tiled,1076.22,9.72935,confirmed,47,0
b580-fused-d128_t32x64s16m8g8oj,1,llama-3.2-1b,av,tiled,3031.77,9.85359,confirmed,47,0
b580-fused-d128_t32x64s16m8g8oj,1,llama-3.2-1b,total,tiled,6642.69,5.29168,confirmed,47,0
b580-fused-d128_t32x64s16m8g8oj,1,llama-3.2-1b,qk,coopmat,423.883,0.701133,confirmed,47,0
b580-fused-d128_t32x64s16m8g8oj,1,llama-3.2-1b,softmax,coopmat,1069.83,0.538666,confirmed,47,0
b580-fused-d128_t32x64s16m8g8oj,1,llama-3.2-1b,av,coopmat,496.07,3.61847,confirmed,47,0
b580-fused-d128_t32x64s16m8g8oj,1,llama-3.2-1b,total,coopmat,1989.78,3.86816,confirmed,47,0
b580-fused-d128_t8x128s16m8g8roj,1,llama-3.1-8b,qk,tiled,4687.88,10.2051,confirmed,47,0
b580-fused-d128_t8x128s16m8g8roj,1,llama-3.1-8b,softmax,tiled,1067.74,0.560746,confirmed,47,0
b580-fused-d128_t8x128s16m8g8roj,1,llama-3.1-8b,av,tiled,5775.92,82.3337,confirmed,47,0
b580-fused-d128_t8x128s16m8g8roj,1,llama-3.1-8b,total,tiled,11531.5,82.6278,confirmed,47,0
b580-fused-d128_t8x128s16m8g8roj,1,llama-3.1-8b,qk,coopmat,0,0,confirmed,47,0
b580-fused-d128_t8x128s16m8g8roj,1,llama-3.1-8b,softmax,coopmat,0,0,confirmed,47,0
b580-fused-d128_t8x128s16m8g8roj,1,llama-3.1-8b,av,coopmat,0,0,confirmed,47,0
b580-fused-d128_t8x128s16m8g8roj,1,llama-3.1-8b,total,coopmat,2188.84,7.94527,confirmed,47,0
b580-fused-d128_t8x128s16m8g8roj,1,llama-3.2-3b,qk,tiled,3706.54,150.386,confirmed,47,0
b580-fused-d128_t8x128s16m8g8roj,1,llama-3.2-3b,softmax,tiled,852.862,95.5665,confirmed,47,0
b580-fused-d128_t8x128s16m8g8roj,1,llama-3.2-3b,av,tiled,4629.46,512.305,confirmed,47,0
b580-fused-d128_t8x128s16m8g8roj,1,llama-3.2-3b,total,tiled,9188.86,757.675,confirmed,47,0
b580-fused-d128_t8x128s16m8g8roj,1,llama-3.2-3b,qk,coopmat,0,0,confirmed,47,0
b580-fused-d128_t8x128s16m8g8roj,1,llama-3.2-3b,softmax,coopmat,0,0,confirmed,47,0
b580-fused-d128_t8x128s16m8g8roj,1,llama-3.2-3b,av,coopmat,0,0,confirmed,47,0
b580-fused-d128_t8x128s16m8g8roj,1,llama-3.2-3b,total,coopmat,1679.6,3.58932,confirmed,47,0
b580-fused-d128_t8x128s16m8g8roj,1,llama-3.2-1b,qk,tiled,2549.12,12.464,confirmed,47,0
b580-fused-d128_t8x128s16m8g8roj,1,llama-3.2-1b,softmax,tiled,1079.01,9.62202,confirmed,47,0
b580-fused-d128_t8x128s16m8g8roj,1,llama-3.2-1b,av,tiled,3028.33,13.0901,confirmed,47,0
b580-fused-d128_t8x128s16m8g8roj,1,llama-3.2-1b,total,tiled,6656.47,16.6822,confirmed,47,0
b580-fused-d128_t8x128s16m8g8roj,1,llama-3.2-1b,qk,coopmat,423.197,1.68121,confirmed,47,0
b580-fused-d128_t8x128s16m8g8roj,1,llama-3.2-1b,softmax,coopmat,1070.1,0.258445,confirmed,47,0
b580-fused-d128_t8x128s16m8g8roj,1,llama-3.2-1b,av,coopmat,494.541,2.89398,confirmed,47,0
b580-fused-d128_t8x128s16m8g8roj,1,llama-3.2-1b,total,coopmat,1987.84,2.27869,confirmed,47,0
b580-fused-d64_t16x64s16m8g4oj,1,llama-3.1-8b,qk,tiled,4683.64,8.99636,confirmed,46,0
b580-fused-d64_t16x64s16m8g4oj,1,llama-3.1-8b,softmax,tiled,1067.63,0.579704,confirmed,46,0
b580-fused-d64_t16x64s16m8g4oj,1,llama-3.1-8b,av,tiled,5741.13,17.0752,confirmed,46,0
b580-fused-d64_t16x64s16m8g4oj,1,llama-3.1-8b,total,tiled,11492.4,25.0484,confirmed,46,0
b580-fused-d64_t16x64s16m8g4oj,1,llama-3.1-8b,qk,coopmat,570.367,1.88696,confirmed,46,0
b580-fused-d64_t16x64s16m8g4oj,1,llama-3.1-8b,softmax,coopmat,1111.6,97.0614,confirmed,46,0
b580-fused-d64_t16x64s16m8g4oj,1,llama-3.1-8b,av,coopmat,700.43,102.962,confirmed,46,0
b580-fused-d64_t16x64s16m8g4oj,1,llama-3.1-8b,total,coopmat,2382.4,199.463,confirmed,46,0
b580-fused-d64_t16x64s16m8g4oj,1,llama-3.2-3b,qk,tiled,3631.93,7.33128,confirmed,46,0
b580-fused-d64_t16x64s16m8g4oj,1,llama-3.2-3b,softmax,tiled,809.827,7.7747,confirmed,46,0
b580-fused-d64_t16x64s16m8g4oj,1,llama-3.2-3b,av,tiled,4419.99,5.88339,confirmed,46,0
b580-fused-d64_t16x64s16m8g4oj,1,llama-3.2-3b,total,tiled,8861.75,10.3135,confirmed,46,0
b580-fused-d64_t16x64s16m8g4oj,1,llama-3.2-3b,qk,coopmat,440.315,1.99594,confirmed,46,0
b580-fused-d64_t16x64s16m8g4oj,1,llama-3.2-3b,softmax,coopmat,807.529,0.758564,confirmed,46,0
b580-fused-d64_t16x64s16m8g4oj,1,llama-3.2-3b,av,coopmat,518.211,4.14708,confirmed,46,0
b580-fused-d64_t16x64s16m8g4oj,1,llama-3.2-3b,total,coopmat,1766.06,6.25165,confirmed,46,0
b580-fused-d64_t16x64s16m8g4oj,1,llama-3.2-1b,qk,tiled,2539.48,10.2847,confirmed,46,0
b580-fused-d64_t16x64s16m8g4oj,1,llama-3.2-1b,softmax,tiled,1082.39,7.74535,confirmed,46,0
b580-fused-d64_t16x64s16m8g4oj,1,llama-3.2-1b,av,tiled,3015.73,2.67588,confirmed,46,0
b580-fused-d64_t16x64s16m8g4oj,1,llama-3.2-1b,total,tiled,6637.6,6.9356,confirmed,46,0
b580-fused-d64_t16x64s16m8g4oj,1,llama-3.2-1b,qk,coopmat,0,0,confirmed,46,0
b580-fused-d64_t16x64s16m8g4oj,1,llama-3.2-1b,softmax,coopmat,0,0,confirmed,46,0
b580-fused-d64_t16x64s16m8g4oj,1,llama-3.2-1b,av,coopmat,0,0,confirmed,46,0
b580-fused-d64_t16x64s16m8g4oj,1,llama-3.2-1b,total,coopmat,821.569,5.84804,confirmed,46,0
b580-fused-d64_t16x128s16m8g4roj,1,llama-3.1-8b,qk,tiled,4686.66,20.3549,confirmed,46,0
b580-fused-d64_t16x128s16m8g4roj,1,llama-3.1-8b,softmax,tiled,1067.59,0.696263,confirmed,46,0
b580-fused-d64_t16x128s16m8g4roj,1,llama-3.1-8b,av,tiled,6077.83,607.769,confirmed,46,0
b580-fused-d64_t16x128s16m8g4roj,1,llama-3.1-8b,total,tiled,11832.1,604.251,confirmed,46,0
b580-fused-d64_t16x128s16m8g4roj,1,llama-3.1-8b,qk,coopmat,570.825,1.07238,confirmed,46,0
b580-fused-d64_t16x128s16m8g4roj,1,llama-3.1-8b,softmax,coopmat,1134.66,149.025,confirmed,46,0
b580-fused-d64_t16x128s16m8g4roj,1,llama-3.1-8b,av,coopmat,712.192,128.087,confirmed,46,0
b580-fused-d64_t16x128s16m8g4roj,1,llama-3.1-8b,total,coopmat,2417.68,277.206,confirmed,46,0
b580-fused-d64_t16x128s16m8g4roj,1,llama-3.2-3b,qk,tiled,3624.36,9.86535,confirmed,46,0
b580-fused-d64_t16x128s16m8g4roj,1,llama-3.2-3b,softmax,tiled,812.791,9.03346,confirmed,46,0
b580-fused-d64_t16x128s16m8g4roj,1,llama-3.2-3b,av,tiled,4407.73,16.1403,confirmed,46,0
b580-fused-d64_t16x128s16m8g4roj,1,llama-3.2-3b,total,tiled,8844.88,12.9799,confirmed,46,0
b580-fused-d64_t16x128s16m8g4roj,1,llama-3.2-3b,qk,coopmat,440.534,1.22084,confirmed,46,0
b580-fused-d64_t16x128s16m8g4roj,1,llama-3.2-3b,softmax,coopmat,807.082,0.570099,confirmed,46,0
b580-fused-d64_t16x128s16m8g4roj,1,llama-3.2-3b,av,coopmat,518.398,1.59149,confirmed,46,0
b580-fused-d64_t16x128s16m8g4roj,1,llama-3.2-3b,total,coopmat,1766.01,1.08606,confirmed,46,0
b580-fused-d64_t16x128s16m8g4roj,1,llama-3.2-1b,qk,tiled,2598.26,154.452,confirmed,46,0
b580-fused-d64_t16x128s16m8g4roj,1,llama-3.2-1b,softmax,tiled,1122.99,102.63,confirmed,46,0
b580-fused-d64_t16x128s16m8g4roj,1,llama-3.2-1b,av,tiled,3112.37,202.831,confirmed,46,0
b580-fused-d64_t16x128s16m8g4roj,1,llama-3.2-1b,total,tiled,6833.62,459.283,confirmed,46,0
b580-fused-d64_t16x128s16m8g4roj,1,llama-3.2-1b,qk,coopmat,0,0,confirmed,46,0
b580-fused-d64_t16x128s16m8g4roj,1,llama-3.2-1b,softmax,coopmat,0,0,confirmed,46,0
b580-fused-d64_t16x128s16m8g4roj,1,llama-3.2-1b,av,coopmat,0,0,confirmed,46,0
b580-fused-d64_t16x128s16m8g4roj,1,llama-3.2-1b,total,coopmat,833.768,3.08448,confirmed,46,0
b580-fused-d64_t8x64s16m8g4roj,1,llama-3.1-8b,qk,tiled,4684.75,10.4577,confirmed,46,0
b580-fused-d64_t8x64s16m8g4roj,1,llama-3.1-8b,softmax,tiled,1067.59,0.365077,confirmed,46,0
b580-fused-d64_t8x64s16m8g4roj,1,llama-3.1-8b,av,tiled,5735.36,15.3335,confirmed,46,0
b580-fused-d64_t8x64s16m8g4roj,1,llama-3.1-8b,total,tiled,11487.7,19.816,confirmed,46,0
b580-fused-d64_t8x64s16m8g4roj,1,llama-3.1-8b,qk,coopmat,571.719,2.45907,confirmed,46,0
b580-fused-d64_t8x64s16m8g4roj,1,llama-3.1-8b,softmax,coopmat,1067.96,1.00399,confirmed,46,0
b580-fused-d64_t8x64s16m8g4roj,1,llama-3.1-8b,av,coopmat,657.051,2.98798,confirmed,46,0
b580-fused-d64_t8x64s16m8g4roj,1,llama-3.1-8b,total,coopmat,2296.73,3.16138,confirmed,46,0
b580-fused-d64_t8x64s16m8g4roj,1,llama-3.2-3b,qk,tiled,3721.1,174.317,confirmed,46,0
b580-fused-d64_t8x64s16m8g4roj,1,llama-3.2-3b,softmax,tiled,872.03,147.097,confirmed,46,0
b580-fused-d64_t8x64s16m8g4roj,1,llama-3.2-3b,av,tiled,4564.29,375.819,confirmed,46,0
b580-fused-d64_t8x64s16m8g4roj,1,llama-3.2-3b,total,tiled,9157.42,696.945,confirmed,46,0
b580-fused-d64_t8x64s16m8g4roj,1,llama-3.2-3b,qk,coopmat,439.941,0.576235,confirmed,46,0
b580-fused-d64_t8x64s16m8g4roj,1,llama-3.2-3b,softmax,coopmat,806.78,0.490556,confirmed,46,0
b580-fused-d64_t8x64s16m8g4roj,1,llama-3.2-3b,av,coopmat,516.412,1.67169,confirmed,46,0
b580-fused-d64_t8x64s16m8g4roj,1,llama-3.2-3b,total,coopmat,1763.13,2.65212,confirmed,46,0
b580-fused-d64_t8x64s16m8g4roj,1,llama-3.2-1b,qk,tiled,2652.87,249.046,confirmed,46,0
b580-fused-d64_t8x64s16m8g4roj,1,llama-3.2-1b,softmax,tiled,1110.67,73.8616,confirmed,46,0
b580-fused-d64_t8x64s16m8g4roj,1,llama-3.2-1b,av,tiled,3024.32,12.2743,confirmed,46,0
b580-fused-d64_t8x64s16m8g4roj,1,llama-3.2-1b,total,tiled,6787.86,323.985,confirmed,46,0
b580-fused-d64_t8x64s16m8g4roj,1,llama-3.2-1b,qk,coopmat,0,0,confirmed,46,0
b580-fused-d64_t8x64s16m8g4roj,1,llama-3.2-1b,softmax,coopmat,0,0,confirmed,46,0
b580-fused-d64_t8x64s16m8g4roj,1,llama-3.2-1b,av,coopmat,0,0,confirmed,46,0
b580-fused-d64_t8x64s16m8g4roj,1,llama-3.2-1b,total,coopmat,948.761,3.53879,confirmed,46,0
