family,stage,batch,token,model,op,M,N,K,kernel,dispatched,us,cov,ok,detail,rc,temp_pre,temp_post,clk_post_mhz,wall_s,utc
4w,F1,f00,t128x256k32g42s32f32ciwbt,llama-3.1-8b,wq_wo,2048,4096,4096,sarc_dev_780m_x_linear_q4gsw_coopmat_t128x256k32g42s32f32ciwbt_texture3d_texture2d_half,1,6075.04,0.00653579,SKIPPED,,1,59,76,2800,15.0,2026-10-05T07:52:04Z
4w,F1,f00,t128x256k32g42s32f32ciwbt,llama-3.1-8b,wk_wv,2048,1024,4096,sarc_dev_780m_x_linear_q4gsw_coopmat_t128x256k32g42s32f32ciwbt_texture3d_texture2d_half,1,1592.26,0.00587511,SKIPPED,,1,59,76,2800,15.0,2026-10-05T07:52:04Z
4w,F1,f00,t128x256k32g42s32f32ciwbt,llama-3.1-8b,w1_w3,2048,14336,4096,sarc_dev_780m_x_linear_q4gsw_coopmat_t128x256k32g42s32f32ciwbt_texture3d_texture2d_half,1,21223.1,0.00288053,SKIPPED,,1,59,76,2800,15.0,2026-10-05T07:52:04Z
4w,F1,f00,t128x256k32g42s32f32ciwbt,llama-3.1-8b,w2,2048,4096,14336,sarc_dev_780m_x_linear_q4gsw_coopmat_t128x256k32g42s32f32ciwbt_texture3d_texture2d_half,1,20948.8,0.00504807,SKIPPED,,1,59,76,2800,15.0,2026-10-05T07:52:04Z
4w,F1,f00,t128x256k32g42s32f32ciwbt,llama-3.2-3b,wq_wo,2048,3072,3072,sarc_dev_780m_x_linear_q4gsw_coopmat_t128x256k32g42s32f32ciwbt_texture3d_texture2d_half,1,3461.36,0.00444141,SKIPPED,,1,59,76,2800,15.0,2026-10-05T07:52:04Z
4w,F1,f00,t128x256k32g42s32f32ciwbt,llama-3.2-3b,wk_wv,2048,1024,3072,sarc_dev_780m_x_linear_q4gsw_coopmat_t128x256k32g42s32f32ciwbt_texture3d_texture2d_half,1,1204.24,0.00894358,SKIPPED,,1,59,76,2800,15.0,2026-10-05T07:52:04Z
4w,F1,f00,t128x256k32g42s32f32ciwbt,llama-3.2-3b,w1_w3,2048,8192,3072,sarc_dev_780m_x_linear_q4gsw_coopmat_t128x256k32g42s32f32ciwbt_texture3d_texture2d_half,1,9292.1,0.00636708,SKIPPED,,1,59,76,2800,15.0,2026-10-05T07:52:04Z
4w,F1,f00,t128x256k32g42s32f32ciwbt,llama-3.2-3b,w2,2048,3072,8192,sarc_dev_780m_x_linear_q4gsw_coopmat_t128x256k32g42s32f32ciwbt_texture3d_texture2d_half,1,8981.74,0.0030768,SKIPPED,,1,59,76,2800,15.0,2026-10-05T07:52:04Z
4w,F1,f00,t128x256k32g42s32f32ciwbt,llama-3.2-1b,wq_wo,2048,2048,2048,sarc_dev_780m_x_linear_q4gsw_coopmat_t128x256k32g42s32f32ciwbt_texture3d_texture2d_half,1,1586.74,0.00878184,SKIPPED,,1,59,76,2800,15.0,2026-10-05T07:52:04Z
4w,F1,f00,t128x256k32g42s32f32ciwbt,llama-3.2-1b,wk_wv,2048,512,2048,sarc_dev_780m_x_linear_q4gsw_coopmat_t128x256k32g42s32f32ciwbt_texture3d_texture2d_half,1,460.52,0.0107181,SKIPPED,,1,59,76,2800,15.0,2026-10-05T07:52:04Z
4w,F1,f00,t128x256k32g42s32f32ciwbt,llama-3.2-1b,w1_w3,2048,8192,2048,sarc_dev_780m_x_linear_q4gsw_coopmat_t128x256k32g42s32f32ciwbt_texture3d_texture2d_half,1,6207.68,0.00600818,SKIPPED,,1,59,76,2800,15.0,2026-10-05T07:52:04Z
4w,F1,f00,t128x256k32g42s32f32ciwbt,llama-3.2-1b,w2,2048,2048,8192,sarc_dev_780m_x_linear_q4gsw_coopmat_t128x256k32g42s32f32ciwbt_texture3d_texture2d_half,1,6203.76,0.00419108,SKIPPED,,1,59,76,2800,15.0,2026-10-05T07:52:04Z
4w,F1,f00,t128x256k32g42s32f32cbt,llama-3.1-8b,wq_wo,2048,4096,4096,sarc_dev_780m_x_linear_q4gsw_coopmat_t128x256k32g42s32f32cbt_texture3d_texture2d_half,1,6048.8,0.00396179,SKIPPED,,1,49,76,2800,15.5,2026-10-05T07:52:25Z
4w,F1,f00,t128x256k32g42s32f32cbt,llama-3.1-8b,wk_wv,2048,1024,4096,sarc_dev_780m_x_linear_q4gsw_coopmat_t128x256k32g42s32f32cbt_texture3d_texture2d_half,1,1588.8,0.00508409,SKIPPED,,1,49,76,2800,15.5,2026-10-05T07:52:25Z
4w,F1,f00,t128x256k32g42s32f32cbt,llama-3.1-8b,w1_w3,2048,14336,4096,sarc_dev_780m_x_linear_q4gsw_coopmat_t128x256k32g42s32f32cbt_texture3d_texture2d_half,1,21192,0.00291894,SKIPPED,,1,49,76,2800,15.5,2026-10-05T07:52:25Z
4w,F1,f00,t128x256k32g42s32f32cbt,llama-3.1-8b,w2,2048,4096,14336,sarc_dev_780m_x_linear_q4gsw_coopmat_t128x256k32g42s32f32cbt_texture3d_texture2d_half,1,20923.8,0.00277366,SKIPPED,,1,49,76,2800,15.5,2026-10-05T07:52:25Z
4w,F1,f00,t128x256k32g42s32f32cbt,llama-3.2-3b,wq_wo,2048,3072,3072,sarc_dev_780m_x_linear_q4gsw_coopmat_t128x256k32g42s32f32cbt_texture3d_texture2d_half,1,3456.86,0.00423806,SKIPPED,,1,49,76,2800,15.5,2026-10-05T07:52:25Z
4w,F1,f00,t128x256k32g42s32f32cbt,llama-3.2-3b,wk_wv,2048,1024,3072,sarc_dev_780m_x_linear_q4gsw_coopmat_t128x256k32g42s32f32cbt_texture3d_texture2d_half,1,1202.18,0.00541251,SKIPPED,,1,49,76,2800,15.5,2026-10-05T07:52:25Z
4w,F1,f00,t128x256k32g42s32f32cbt,llama-3.2-3b,w1_w3,2048,8192,3072,sarc_dev_780m_x_linear_q4gsw_coopmat_t128x256k32g42s32f32cbt_texture3d_texture2d_half,1,9286.32,0.00326082,SKIPPED,,1,49,76,2800,15.5,2026-10-05T07:52:25Z
4w,F1,f00,t128x256k32g42s32f32cbt,llama-3.2-3b,w2,2048,3072,8192,sarc_dev_780m_x_linear_q4gsw_coopmat_t128x256k32g42s32f32cbt_texture3d_texture2d_half,1,8985.36,0.00757642,SKIPPED,,1,49,76,2800,15.5,2026-10-05T07:52:25Z
4w,F1,f00,t128x256k32g42s32f32cbt,llama-3.2-1b,wq_wo,2048,2048,2048,sarc_dev_780m_x_linear_q4gsw_coopmat_t128x256k32g42s32f32cbt_texture3d_texture2d_half,1,1586.38,0.00688994,SKIPPED,,1,49,76,2800,15.5,2026-10-05T07:52:25Z
4w,F1,f00,t128x256k32g42s32f32cbt,llama-3.2-1b,wk_wv,2048,512,2048,sarc_dev_780m_x_linear_q4gsw_coopmat_t128x256k32g42s32f32cbt_texture3d_texture2d_half,1,459.98,0.0103926,SKIPPED,,1,49,76,2800,15.5,2026-10-05T07:52:25Z
4w,F1,f00,t128x256k32g42s32f32cbt,llama-3.2-1b,w1_w3,2048,8192,2048,sarc_dev_780m_x_linear_q4gsw_coopmat_t128x256k32g42s32f32cbt_texture3d_texture2d_half,1,6220.16,0.00744868,SKIPPED,,1,49,76,2800,15.5,2026-10-05T07:52:25Z
4w,F1,f00,t128x256k32g42s32f32cbt,llama-3.2-1b,w2,2048,2048,8192,sarc_dev_780m_x_linear_q4gsw_coopmat_t128x256k32g42s32f32cbt_texture3d_texture2d_half,1,6211.72,0.00807925,SKIPPED,,1,49,76,2800,15.5,2026-10-05T07:52:25Z
4w,F1,f00,bx_t128x256k32g42s32f32xpi,llama-3.1-8b,wq_wo,2048,4096,4096,sarc_dev_780m_x_linear_q4gsw_coopmat_bx_t128x256k32g42s32f32xpi_texture3d_texture2d_half,1,6122.4,0.00371296,SKIPPED,,1,49,76,2800,15.4,2026-10-05T07:52:45Z
4w,F1,f00,bx_t128x256k32g42s32f32xpi,llama-3.1-8b,wk_wv,2048,1024,4096,sarc_dev_780m_x_linear_q4gsw_coopmat_bx_t128x256k32g42s32f32xpi_texture3d_texture2d_half,1,1605.02,0.00598518,SKIPPED,,1,49,76,2800,15.4,2026-10-05T07:52:45Z
4w,F1,f00,bx_t128x256k32g42s32f32xpi,llama-3.1-8b,w1_w3,2048,14336,4096,sarc_dev_780m_x_linear_q4gsw_coopmat_bx_t128x256k32g42s32f32xpi_texture3d_texture2d_half,1,21460.9,0.00387457,SKIPPED,,1,49,76,2800,15.4,2026-10-05T07:52:45Z
4w,F1,f00,bx_t128x256k32g42s32f32xpi,llama-3.1-8b,w2,2048,4096,14336,sarc_dev_780m_x_linear_q4gsw_coopmat_bx_t128x256k32g42s32f32xpi_texture3d_texture2d_half,1,21249.7,0.00349564,SKIPPED,,1,49,76,2800,15.4,2026-10-05T07:52:45Z
4w,F1,f00,bx_t128x256k32g42s32f32xpi,llama-3.2-3b,wq_wo,2048,3072,3072,sarc_dev_780m_x_linear_q4gsw_coopmat_bx_t128x256k32g42s32f32xpi_texture3d_texture2d_half,1,3527.98,0.00438189,SKIPPED,,1,49,76,2800,15.4,2026-10-05T07:52:45Z
4w,F1,f00,bx_t128x256k32g42s32f32xpi,llama-3.2-3b,wk_wv,2048,1024,3072,sarc_dev_780m_x_linear_q4gsw_coopmat_bx_t128x256k32g42s32f32xpi_texture3d_texture2d_half,1,1219.96,0.00741556,SKIPPED,,1,49,76,2800,15.4,2026-10-05T07:52:45Z
4w,F1,f00,bx_t128x256k32g42s32f32xpi,llama-3.2-3b,w1_w3,2048,8192,3072,sarc_dev_780m_x_linear_q4gsw_coopmat_bx_t128x256k32g42s32f32xpi_texture3d_texture2d_half,1,9378.7,0.00342447,SKIPPED,,1,49,76,2800,15.4,2026-10-05T07:52:45Z
4w,F1,f00,bx_t128x256k32g42s32f32xpi,llama-3.2-3b,w2,2048,3072,8192,sarc_dev_780m_x_linear_q4gsw_coopmat_bx_t128x256k32g42s32f32xpi_texture3d_texture2d_half,1,9122.8,0.00990425,SKIPPED,,1,49,76,2800,15.4,2026-10-05T07:52:45Z
4w,F1,f00,bx_t128x256k32g42s32f32xpi,llama-3.2-1b,wq_wo,2048,2048,2048,sarc_dev_780m_x_linear_q4gsw_coopmat_bx_t128x256k32g42s32f32xpi_texture3d_texture2d_half,1,1609.72,0.00803328,SKIPPED,,1,49,76,2800,15.4,2026-10-05T07:52:45Z
4w,F1,f00,bx_t128x256k32g42s32f32xpi,llama-3.2-1b,wk_wv,2048,512,2048,sarc_dev_780m_x_linear_q4gsw_coopmat_bx_t128x256k32g42s32f32xpi_texture3d_texture2d_half,1,464.24,0.0129204,SKIPPED,,1,49,76,2800,15.4,2026-10-05T07:52:45Z
4w,F1,f00,bx_t128x256k32g42s32f32xpi,llama-3.2-1b,w1_w3,2048,8192,2048,sarc_dev_780m_x_linear_q4gsw_coopmat_bx_t128x256k32g42s32f32xpi_texture3d_texture2d_half,1,6260.56,0.00785266,SKIPPED,,1,49,76,2800,15.4,2026-10-05T07:52:45Z
4w,F1,f00,bx_t128x256k32g42s32f32xpi,llama-3.2-1b,w2,2048,2048,8192,sarc_dev_780m_x_linear_q4gsw_coopmat_bx_t128x256k32g42s32f32xpi_texture3d_texture2d_half,1,6274.68,0.00437092,SKIPPED,,1,49,76,2800,15.4,2026-10-05T07:52:45Z
4w,F1,f00,bx_t128x256k32g42s32f32xp,llama-3.1-8b,wq_wo,2048,4096,4096,sarc_dev_780m_x_linear_q4gsw_coopmat_bx_t128x256k32g42s32f32xp_texture3d_texture2d_half,1,6138.8,0.00394505,SKIPPED,,1,49,78,2800,15.3,2026-10-05T07:53:05Z
4w,F1,f00,bx_t128x256k32g42s32f32xp,llama-3.1-8b,wk_wv,2048,1024,4096,sarc_dev_780m_x_linear_q4gsw_coopmat_bx_t128x256k32g42s32f32xp_texture3d_texture2d_half,1,1603.76,0.00507371,SKIPPED,,1,49,78,2800,15.3,2026-10-05T07:53:05Z
4w,F1,f00,bx_t128x256k32g42s32f32xp,llama-3.1-8b,w1_w3,2048,14336,4096,sarc_dev_780m_x_linear_q4gsw_coopmat_bx_t128x256k32g42s32f32xp_texture3d_texture2d_half,1,21509.8,0.00268191,SKIPPED,,1,49,78,2800,15.3,2026-10-05T07:53:05Z
4w,F1,f00,bx_t128x256k32g42s32f32xp,llama-3.1-8b,w2,2048,4096,14336,sarc_dev_780m_x_linear_q4gsw_coopmat_bx_t128x256k32g42s32f32xp_texture3d_texture2d_half,1,21166.5,0.00217705,SKIPPED,,1,49,78,2800,15.3,2026-10-05T07:53:05Z
4w,F1,f00,bx_t128x256k32g42s32f32xp,llama-3.2-3b,wq_wo,2048,3072,3072,sarc_dev_780m_x_linear_q4gsw_coopmat_bx_t128x256k32g42s32f32xp_texture3d_texture2d_half,1,3519.58,0.0116912,SKIPPED,,1,49,78,2800,15.3,2026-10-05T07:53:05Z
4w,F1,f00,bx_t128x256k32g42s32f32xp,llama-3.2-3b,wk_wv,2048,1024,3072,sarc_dev_780m_x_linear_q4gsw_coopmat_bx_t128x256k32g42s32f32xp_texture3d_texture2d_half,1,1218.82,0.00617546,SKIPPED,,1,49,78,2800,15.3,2026-10-05T07:53:05Z
4w,F1,f00,bx_t128x256k32g42s32f32xp,llama-3.2-3b,w1_w3,2048,8192,3072,sarc_dev_780m_x_linear_q4gsw_coopmat_bx_t128x256k32g42s32f32xp_texture3d_texture2d_half,1,9385.46,0.00385146,SKIPPED,,1,49,78,2800,15.3,2026-10-05T07:53:05Z
4w,F1,f00,bx_t128x256k32g42s32f32xp,llama-3.2-3b,w2,2048,3072,8192,sarc_dev_780m_x_linear_q4gsw_coopmat_bx_t128x256k32g42s32f32xp_texture3d_texture2d_half,1,9126.38,0.00362924,SKIPPED,,1,49,78,2800,15.3,2026-10-05T07:53:05Z
4w,F1,f00,bx_t128x256k32g42s32f32xp,llama-3.2-1b,wq_wo,2048,2048,2048,sarc_dev_780m_x_linear_q4gsw_coopmat_bx_t128x256k32g42s32f32xp_texture3d_texture2d_half,1,1612.08,0.0155761,SKIPPED,,1,49,78,2800,15.3,2026-10-05T07:53:05Z
4w,F1,f00,bx_t128x256k32g42s32f32xp,llama-3.2-1b,wk_wv,2048,512,2048,sarc_dev_780m_x_linear_q4gsw_coopmat_bx_t128x256k32g42s32f32xp_texture3d_texture2d_half,1,463.52,0.0138105,SKIPPED,,1,49,78,2800,15.3,2026-10-05T07:53:05Z
4w,F1,f00,bx_t128x256k32g42s32f32xp,llama-3.2-1b,w1_w3,2048,8192,2048,sarc_dev_780m_x_linear_q4gsw_coopmat_bx_t128x256k32g42s32f32xp_texture3d_texture2d_half,1,6265.48,0.00534774,SKIPPED,,1,49,78,2800,15.3,2026-10-05T07:53:05Z
4w,F1,f00,bx_t128x256k32g42s32f32xp,llama-3.2-1b,w2,2048,2048,8192,sarc_dev_780m_x_linear_q4gsw_coopmat_bx_t128x256k32g42s32f32xp_texture3d_texture2d_half,1,6265.84,0.00347781,SKIPPED,,1,49,78,2800,15.3,2026-10-05T07:53:05Z
4w,F1,f00,bx_t128x256k32g42s32f32xpiiw,llama-3.1-8b,wq_wo,2048,4096,4096,sarc_dev_780m_x_linear_q4gsw_coopmat_bx_t128x256k32g42s32f32xpiiw_texture3d_texture2d_half,1,6128.12,0.00313999,SKIPPED,,1,49,78,2800,15.5,2026-10-05T07:53:26Z
4w,F1,f00,bx_t128x256k32g42s32f32xpiiw,llama-3.1-8b,wk_wv,2048,1024,4096,sarc_dev_780m_x_linear_q4gsw_coopmat_bx_t128x256k32g42s32f32xpiiw_texture3d_texture2d_half,1,1604.98,0.00521613,SKIPPED,,1,49,78,2800,15.5,2026-10-05T07:53:26Z
4w,F1,f00,bx_t128x256k32g42s32f32xpiiw,llama-3.1-8b,w1_w3,2048,14336,4096,sarc_dev_780m_x_linear_q4gsw_coopmat_bx_t128x256k32g42s32f32xpiiw_texture3d_texture2d_half,1,21544.8,0.00290913,SKIPPED,,1,49,78,2800,15.5,2026-10-05T07:53:26Z
4w,F1,f00,bx_t128x256k32g42s32f32xpiiw,llama-3.1-8b,w2,2048,4096,14336,sarc_dev_780m_x_linear_q4gsw_coopmat_bx_t128x256k32g42s32f32xpiiw_texture3d_texture2d_half,1,21281.7,0.0126305,SKIPPED,,1,49,78,2800,15.5,2026-10-05T07:53:26Z
4w,F1,f00,bx_t128x256k32g42s32f32xpiiw,llama-3.2-3b,wq_wo,2048,3072,3072,sarc_dev_780m_x_linear_q4gsw_coopmat_bx_t128x256k32g42s32f32xpiiw_texture3d_texture2d_half,1,3524.14,0.00467944,SKIPPED,,1,49,78,2800,15.5,2026-10-05T07:53:26Z
4w,F1,f00,bx_t128x256k32g42s32f32xpiiw,llama-3.2-3b,wk_wv,2048,1024,3072,sarc_dev_780m_x_linear_q4gsw_coopmat_bx_t128x256k32g42s32f32xpiiw_texture3d_texture2d_half,1,1220.16,0.0101256,SKIPPED,,1,49,78,2800,15.5,2026-10-05T07:53:26Z
4w,F1,f00,bx_t128x256k32g42s32f32xpiiw,llama-3.2-3b,w1_w3,2048,8192,3072,sarc_dev_780m_x_linear_q4gsw_coopmat_bx_t128x256k32g42s32f32xpiiw_texture3d_texture2d_half,1,9374.46,0.00277158,SKIPPED,,1,49,78,2800,15.5,2026-10-05T07:53:26Z
4w,F1,f00,bx_t128x256k32g42s32f32xpiiw,llama-3.2-3b,w2,2048,3072,8192,sarc_dev_780m_x_linear_q4gsw_coopmat_bx_t128x256k32g42s32f32xpiiw_texture3d_texture2d_half,1,9122.3,0.00912075,SKIPPED,,1,49,78,2800,15.5,2026-10-05T07:53:26Z
4w,F1,f00,bx_t128x256k32g42s32f32xpiiw,llama-3.2-1b,wq_wo,2048,2048,2048,sarc_dev_780m_x_linear_q4gsw_coopmat_bx_t128x256k32g42s32f32xpiiw_texture3d_texture2d_half,1,1608.34,0.00929899,SKIPPED,,1,49,78,2800,15.5,2026-10-05T07:53:26Z
4w,F1,f00,bx_t128x256k32g42s32f32xpiiw,llama-3.2-1b,wk_wv,2048,512,2048,sarc_dev_780m_x_linear_q4gsw_coopmat_bx_t128x256k32g42s32f32xpiiw_texture3d_texture2d_half,1,463.6,0.0141404,SKIPPED,,1,49,78,2800,15.5,2026-10-05T07:53:26Z
4w,F1,f00,bx_t128x256k32g42s32f32xpiiw,llama-3.2-1b,w1_w3,2048,8192,2048,sarc_dev_780m_x_linear_q4gsw_coopmat_bx_t128x256k32g42s32f32xpiiw_texture3d_texture2d_half,1,6258.68,0.0104272,SKIPPED,,1,49,78,2800,15.5,2026-10-05T07:53:26Z
4w,F1,f00,bx_t128x256k32g42s32f32xpiiw,llama-3.2-1b,w2,2048,2048,8192,sarc_dev_780m_x_linear_q4gsw_coopmat_bx_t128x256k32g42s32f32xpiiw_texture3d_texture2d_half,1,6290.52,0.0046331,SKIPPED,,1,49,78,2800,15.5,2026-10-05T07:53:26Z
4w,F1,f00,t128x256k32g42s32f32xpiw,llama-3.1-8b,wq_wo,2048,4096,4096,sarc_dev_780m_x_linear_q4gsw_coopmat_t128x256k32g42s32f32xpiw_texture3d_texture2d_half,1,6188.32,0.00419318,SKIPPED,,1,49,77,2800,15.3,2026-10-05T07:53:46Z
4w,F1,f00,t128x256k32g42s32f32xpiw,llama-3.1-8b,wk_wv,2048,1024,4096,sarc_dev_780m_x_linear_q4gsw_coopmat_t128x256k32g42s32f32xpiw_texture3d_texture2d_half,1,1610.42,0.00552026,SKIPPED,,1,49,77,2800,15.3,2026-10-05T07:53:46Z
4w,F1,f00,t128x256k32g42s32f32xpiw,llama-3.1-8b,w1_w3,2048,14336,4096,sarc_dev_780m_x_linear_q4gsw_coopmat_t128x256k32g42s32f32xpiw_texture3d_texture2d_half,1,21533.2,0.0080481,SKIPPED,,1,49,77,2800,15.3,2026-10-05T07:53:46Z
4w,F1,f00,t128x256k32g42s32f32xpiw,llama-3.1-8b,w2,2048,4096,14336,sarc_dev_780m_x_linear_q4gsw_coopmat_t128x256k32g42s32f32xpiw_texture3d_texture2d_half,1,21503.6,0.0064859,SKIPPED,,1,49,77,2800,15.3,2026-10-05T07:53:46Z
4w,F1,f00,t128x256k32g42s32f32xpiw,llama-3.2-3b,wq_wo,2048,3072,3072,sarc_dev_780m_x_linear_q4gsw_coopmat_t128x256k32g42s32f32xpiw_texture3d_texture2d_half,1,3531.12,0.00413494,SKIPPED,,1,49,77,2800,15.3,2026-10-05T07:53:46Z
4w,F1,f00,t128x256k32g42s32f32xpiw,llama-3.2-3b,wk_wv,2048,1024,3072,sarc_dev_780m_x_linear_q4gsw_coopmat_t128x256k32g42s32f32xpiw_texture3d_texture2d_half,1,1231.22,0.00624807,SKIPPED,,1,49,77,2800,15.3,2026-10-05T07:53:46Z
4w,F1,f00,t128x256k32g42s32f32xpiw,llama-3.2-3b,w1_w3,2048,8192,3072,sarc_dev_780m_x_linear_q4gsw_coopmat_t128x256k32g42s32f32xpiw_texture3d_texture2d_half,1,9431.5,0.00512286,SKIPPED,,1,49,77,2800,15.3,2026-10-05T07:53:46Z
4w,F1,f00,t128x256k32g42s32f32xpiw,llama-3.2-3b,w2,2048,3072,8192,sarc_dev_780m_x_linear_q4gsw_coopmat_t128x256k32g42s32f32xpiw_texture3d_texture2d_half,1,9160.88,0.00434271,SKIPPED,,1,49,77,2800,15.3,2026-10-05T07:53:46Z
4w,F1,f00,t128x256k32g42s32f32xpiw,llama-3.2-1b,wq_wo,2048,2048,2048,sarc_dev_780m_x_linear_q4gsw_coopmat_t128x256k32g42s32f32xpiw_texture3d_texture2d_half,1,1625.06,0.00878853,SKIPPED,,1,49,77,2800,15.3,2026-10-05T07:53:46Z
4w,F1,f00,t128x256k32g42s32f32xpiw,llama-3.2-1b,wk_wv,2048,512,2048,sarc_dev_780m_x_linear_q4gsw_coopmat_t128x256k32g42s32f32xpiw_texture3d_texture2d_half,1,466.68,0.0120103,SKIPPED,,1,49,77,2800,15.3,2026-10-05T07:53:46Z
4w,F1,f00,t128x256k32g42s32f32xpiw,llama-3.2-1b,w1_w3,2048,8192,2048,sarc_dev_780m_x_linear_q4gsw_coopmat_t128x256k32g42s32f32xpiw_texture3d_texture2d_half,1,6281.32,0.00411508,SKIPPED,,1,49,77,2800,15.3,2026-10-05T07:53:46Z
4w,F1,f00,t128x256k32g42s32f32xpiw,llama-3.2-1b,w2,2048,2048,8192,sarc_dev_780m_x_linear_q4gsw_coopmat_t128x256k32g42s32f32xpiw_texture3d_texture2d_half,1,6312.92,0.00336146,SKIPPED,,1,49,77,2800,15.3,2026-10-05T07:53:46Z
4w,F1,f00,bx_t128x256k32g42s32f32ciw,llama-3.1-8b,wq_wo,2048,4096,4096,sarc_dev_780m_x_linear_q4gsw_coopmat_bx_t128x256k32g42s32f32ciw_texture3d_texture2d_half,1,6154.28,0.00408826,SKIPPED,,1,49,77,2800,15.5,2026-10-05T07:54:07Z
4w,F1,f00,bx_t128x256k32g42s32f32ciw,llama-3.1-8b,wk_wv,2048,1024,4096,sarc_dev_780m_x_linear_q4gsw_coopmat_bx_t128x256k32g42s32f32ciw_texture3d_texture2d_half,1,1608.74,0.00455594,SKIPPED,,1,49,77,2800,15.5,2026-10-05T07:54:07Z
4w,F1,f00,bx_t128x256k32g42s32f32ciw,llama-3.1-8b,w1_w3,2048,14336,4096,sarc_dev_780m_x_linear_q4gsw_coopmat_bx_t128x256k32g42s32f32ciw_texture3d_texture2d_half,1,21597.4,0.00204011,SKIPPED,,1,49,77,2800,15.5,2026-10-05T07:54:07Z
4w,F1,f00,bx_t128x256k32g42s32f32ciw,llama-3.1-8b,w2,2048,4096,14336,sarc_dev_780m_x_linear_q4gsw_coopmat_bx_t128x256k32g42s32f32ciw_texture3d_texture2d_half,1,21302.1,0.00226934,SKIPPED,,1,49,77,2800,15.5,2026-10-05T07:54:07Z
4w,F1,f00,bx_t128x256k32g42s32f32ciw,llama-3.2-3b,wq_wo,2048,3072,3072,sarc_dev_780m_x_linear_q4gsw_coopmat_bx_t128x256k32g42s32f32ciw_texture3d_texture2d_half,1,3541.62,0.00550445,SKIPPED,,1,49,77,2800,15.5,2026-10-05T07:54:07Z
4w,F1,f00,bx_t128x256k32g42s32f32ciw,llama-3.2-3b,wk_wv,2048,1024,3072,sarc_dev_780m_x_linear_q4gsw_coopmat_bx_t128x256k32g42s32f32ciw_texture3d_texture2d_half,1,1223.64,0.00593785,SKIPPED,,1,49,77,2800,15.5,2026-10-05T07:54:07Z
4w,F1,f00,bx_t128x256k32g42s32f32ciw,llama-3.2-3b,w1_w3,2048,8192,3072,sarc_dev_780m_x_linear_q4gsw_coopmat_bx_t128x256k32g42s32f32ciw_texture3d_texture2d_half,1,9431.46,0.0105406,SKIPPED,,1,49,77,2800,15.5,2026-10-05T07:54:07Z
4w,F1,f00,bx_t128x256k32g42s32f32ciw,llama-3.2-3b,w2,2048,3072,8192,sarc_dev_780m_x_linear_q4gsw_coopmat_bx_t128x256k32g42s32f32ciw_texture3d_texture2d_half,1,9148.5,0.00355641,SKIPPED,,1,49,77,2800,15.5,2026-10-05T07:54:07Z
4w,F1,f00,bx_t128x256k32g42s32f32ciw,llama-3.2-1b,wq_wo,2048,2048,2048,sarc_dev_780m_x_linear_q4gsw_coopmat_bx_t128x256k32g42s32f32ciw_texture3d_texture2d_half,1,1616.26,0.00709217,SKIPPED,,1,49,77,2800,15.5,2026-10-05T07:54:07Z
4w,F1,f00,bx_t128x256k32g42s32f32ciw,llama-3.2-1b,wk_wv,2048,512,2048,sarc_dev_780m_x_linear_q4gsw_coopmat_bx_t128x256k32g42s32f32ciw_texture3d_texture2d_half,1,468.08,0.0133391,SKIPPED,,1,49,77,2800,15.5,2026-10-05T07:54:07Z
4w,F1,f00,bx_t128x256k32g42s32f32ciw,llama-3.2-1b,w1_w3,2048,8192,2048,sarc_dev_780m_x_linear_q4gsw_coopmat_bx_t128x256k32g42s32f32ciw_texture3d_texture2d_half,1,6284.32,0.00466662,SKIPPED,,1,49,77,2800,15.5,2026-10-05T07:54:07Z
4w,F1,f00,bx_t128x256k32g42s32f32ciw,llama-3.2-1b,w2,2048,2048,8192,sarc_dev_780m_x_linear_q4gsw_coopmat_bx_t128x256k32g42s32f32ciw_texture3d_texture2d_half,1,6307.48,0.00749665,SKIPPED,,1,49,77,2800,15.5,2026-10-05T07:54:07Z
4w,F1,f00,bx_t128x256k32g42s32f32biiw,llama-3.1-8b,wq_wo,2048,4096,4096,sarc_dev_780m_x_linear_q4gsw_coopmat_bx_t128x256k32g42s32f32biiw_texture3d_texture2d_half,1,6179.4,0.00423014,SKIPPED,,1,49,78,2800,15.3,2026-10-05T07:54:27Z
4w,F1,f00,bx_t128x256k32g42s32f32biiw,llama-3.1-8b,wk_wv,2048,1024,4096,sarc_dev_780m_x_linear_q4gsw_coopmat_bx_t128x256k32g42s32f32biiw_texture3d_texture2d_half,1,1615.16,0.00512205,SKIPPED,,1,49,78,2800,15.3,2026-10-05T07:54:27Z
4w,F1,f00,bx_t128x256k32g42s32f32biiw,llama-3.1-8b,w1_w3,2048,14336,4096,sarc_dev_780m_x_linear_q4gsw_coopmat_bx_t128x256k32g42s32f32biiw_texture3d_texture2d_half,1,21635,0.00542806,SKIPPED,,1,49,78,2800,15.3,2026-10-05T07:54:27Z
4w,F1,f00,bx_t128x256k32g42s32f32biiw,llama-3.1-8b,w2,2048,4096,14336,sarc_dev_780m_x_linear_q4gsw_coopmat_bx_t128x256k32g42s32f32biiw_texture3d_texture2d_half,1,21248.9,0.00764391,SKIPPED,,1,49,78,2800,15.3,2026-10-05T07:54:27Z
4w,F1,f00,bx_t128x256k32g42s32f32biiw,llama-3.2-3b,wq_wo,2048,3072,3072,sarc_dev_780m_x_linear_q4gsw_coopmat_bx_t128x256k32g42s32f32biiw_texture3d_texture2d_half,1,3521.44,0.00369596,SKIPPED,,1,49,78,2800,15.3,2026-10-05T07:54:27Z
4w,F1,f00,bx_t128x256k32g42s32f32biiw,llama-3.2-3b,wk_wv,2048,1024,3072,sarc_dev_780m_x_linear_q4gsw_coopmat_bx_t128x256k32g42s32f32biiw_texture3d_texture2d_half,1,1228.76,0.0055137,SKIPPED,,1,49,78,2800,15.3,2026-10-05T07:54:27Z
4w,F1,f00,bx_t128x256k32g42s32f32biiw,llama-3.2-3b,w1_w3,2048,8192,3072,sarc_dev_780m_x_linear_q4gsw_coopmat_bx_t128x256k32g42s32f32biiw_texture3d_texture2d_half,1,9492.18,0.00341804,SKIPPED,,1,49,78,2800,15.3,2026-10-05T07:54:27Z
4w,F1,f00,bx_t128x256k32g42s32f32biiw,llama-3.2-3b,w2,2048,3072,8192,sarc_dev_780m_x_linear_q4gsw_coopmat_bx_t128x256k32g42s32f32biiw_texture3d_texture2d_half,1,9158.1,0.00321621,SKIPPED,,1,49,78,2800,15.3,2026-10-05T07:54:27Z
4w,F1,f00,bx_t128x256k32g42s32f32biiw,llama-3.2-1b,wq_wo,2048,2048,2048,sarc_dev_780m_x_linear_q4gsw_coopmat_bx_t128x256k32g42s32f32biiw_texture3d_texture2d_half,1,1623.72,0.00654441,SKIPPED,,1,49,78,2800,15.3,2026-10-05T07:54:27Z
4w,F1,f00,bx_t128x256k32g42s32f32biiw,llama-3.2-1b,wk_wv,2048,512,2048,sarc_dev_780m_x_linear_q4gsw_coopmat_bx_t128x256k32g42s32f32biiw_texture3d_texture2d_half,1,472.44,0.0119895,SKIPPED,,1,49,78,2800,15.3,2026-10-05T07:54:27Z
4w,F1,f00,bx_t128x256k32g42s32f32biiw,llama-3.2-1b,w1_w3,2048,8192,2048,sarc_dev_780m_x_linear_q4gsw_coopmat_bx_t128x256k32g42s32f32biiw_texture3d_texture2d_half,1,6354,0.00549661,SKIPPED,,1,49,78,2800,15.3,2026-10-05T07:54:27Z
4w,F1,f00,bx_t128x256k32g42s32f32biiw,llama-3.2-1b,w2,2048,2048,8192,sarc_dev_780m_x_linear_q4gsw_coopmat_bx_t128x256k32g42s32f32biiw_texture3d_texture2d_half,1,6303.16,0.00857939,SKIPPED,,1,49,78,2800,15.3,2026-10-05T07:54:27Z
4w,F1,f00,bx_t128x256k32g42s32f32ciiw,llama-3.1-8b,wq_wo,2048,4096,4096,sarc_dev_780m_x_linear_q4gsw_coopmat_bx_t128x256k32g42s32f32ciiw_texture3d_texture2d_half,1,6150.88,0.0033815,SKIPPED,,1,49,76,2800,15.2,2026-10-05T07:54:47Z
4w,F1,f00,bx_t128x256k32g42s32f32ciiw,llama-3.1-8b,wk_wv,2048,1024,4096,sarc_dev_780m_x_linear_q4gsw_coopmat_bx_t128x256k32g42s32f32ciiw_texture3d_texture2d_half,1,1608.26,0.00478653,SKIPPED,,1,49,76,2800,15.2,2026-10-05T07:54:47Z
4w,F1,f00,bx_t128x256k32g42s32f32ciiw,llama-3.1-8b,w1_w3,2048,14336,4096,sarc_dev_780m_x_linear_q4gsw_coopmat_bx_t128x256k32g42s32f32ciiw_texture3d_texture2d_half,1,21545,0.00323159,SKIPPED,,1,49,76,2800,15.2,2026-10-05T07:54:47Z
4w,F1,f00,bx_t128x256k32g42s32f32ciiw,llama-3.1-8b,w2,2048,4096,14336,sarc_dev_780m_x_linear_q4gsw_coopmat_bx_t128x256k32g42s32f32ciiw_texture3d_texture2d_half,1,21221.1,0.00568008,SKIPPED,,1,49,76,2800,15.2,2026-10-05T07:54:47Z
4w,F1,f00,bx_t128x256k32g42s32f32ciiw,llama-3.2-3b,wq_wo,2048,3072,3072,sarc_dev_780m_x_linear_q4gsw_coopmat_bx_t128x256k32g42s32f32ciiw_texture3d_texture2d_half,1,3532.5,0.00457004,SKIPPED,,1,49,76,2800,15.2,2026-10-05T07:54:47Z
4w,F1,f00,bx_t128x256k32g42s32f32ciiw,llama-3.2-3b,wk_wv,2048,1024,3072,sarc_dev_780m_x_linear_q4gsw_coopmat_bx_t128x256k32g42s32f32ciiw_texture3d_texture2d_half,1,1224.58,0.00646044,SKIPPED,,1,49,76,2800,15.2,2026-10-05T07:54:47Z
4w,F1,f00,bx_t128x256k32g42s32f32ciiw,llama-3.2-3b,w1_w3,2048,8192,3072,sarc_dev_780m_x_linear_q4gsw_coopmat_bx_t128x256k32g42s32f32ciiw_texture3d_texture2d_half,1,9425.44,0.00281066,SKIPPED,,1,49,76,2800,15.2,2026-10-05T07:54:47Z
4w,F1,f00,bx_t128x256k32g42s32f32ciiw,llama-3.2-3b,w2,2048,3072,8192,sarc_dev_780m_x_linear_q4gsw_coopmat_bx_t128x256k32g42s32f32ciiw_texture3d_texture2d_half,1,9139.64,0.0036787,SKIPPED,,1,49,76,2800,15.2,2026-10-05T07:54:47Z
4w,F1,f00,bx_t128x256k32g42s32f32ciiw,llama-3.2-1b,wq_wo,2048,2048,2048,sarc_dev_780m_x_linear_q4gsw_coopmat_bx_t128x256k32g42s32f32ciiw_texture3d_texture2d_half,1,1612.26,0.00804237,SKIPPED,,1,49,76,2800,15.2,2026-10-05T07:54:47Z
4w,F1,f00,bx_t128x256k32g42s32f32ciiw,llama-3.2-1b,wk_wv,2048,512,2048,sarc_dev_780m_x_linear_q4gsw_coopmat_bx_t128x256k32g42s32f32ciiw_texture3d_texture2d_half,1,467.44,0.0129398,SKIPPED,,1,49,76,2800,15.2,2026-10-05T07:54:47Z
4w,F1,f00,bx_t128x256k32g42s32f32ciiw,llama-3.2-1b,w1_w3,2048,8192,2048,sarc_dev_780m_x_linear_q4gsw_coopmat_bx_t128x256k32g42s32f32ciiw_texture3d_texture2d_half,1,6273.32,0.00441902,SKIPPED,,1,49,76,2800,15.2,2026-10-05T07:54:47Z
4w,F1,f00,bx_t128x256k32g42s32f32ciiw,llama-3.2-1b,w2,2048,2048,8192,sarc_dev_780m_x_linear_q4gsw_coopmat_bx_t128x256k32g42s32f32ciiw_texture3d_texture2d_half,1,6304,0.00712857,SKIPPED,,1,49,76,2800,15.2,2026-10-05T07:54:47Z
4w,F1,f00,bx_t128x256k32g42s32f32c,llama-3.1-8b,wq_wo,2048,4096,4096,sarc_dev_780m_x_linear_q4gsw_coopmat_bx_t128x256k32g42s32f32c_texture3d_texture2d_half,1,6154.08,0.00445969,SKIPPED,,1,49,74,2800,15.8,2026-10-05T07:55:08Z
4w,F1,f00,bx_t128x256k32g42s32f32c,llama-3.1-8b,wk_wv,2048,1024,4096,sarc_dev_780m_x_linear_q4gsw_coopmat_bx_t128x256k32g42s32f32c_texture3d_texture2d_half,1,1611.24,0.00672543,SKIPPED,,1,49,74,2800,15.8,2026-10-05T07:55:08Z
4w,F1,f00,bx_t128x256k32g42s32f32c,llama-3.1-8b,w1_w3,2048,14336,4096,sarc_dev_780m_x_linear_q4gsw_coopmat_bx_t128x256k32g42s32f32c_texture3d_texture2d_half,1,21596.4,0.00524408,SKIPPED,,1,49,74,2800,15.8,2026-10-05T07:55:08Z
4w,F1,f00,bx_t128x256k32g42s32f32c,llama-3.1-8b,w2,2048,4096,14336,sarc_dev_780m_x_linear_q4gsw_coopmat_bx_t128x256k32g42s32f32c_texture3d_texture2d_half,1,21315.4,0.00424725,SKIPPED,,1,49,74,2800,15.8,2026-10-05T07:55:08Z
4w,F1,f00,bx_t128x256k32g42s32f32c,llama-3.2-3b,wq_wo,2048,3072,3072,sarc_dev_780m_x_linear_q4gsw_coopmat_bx_t128x256k32g42s32f32c_texture3d_texture2d_half,1,3531.36,0.00473559,SKIPPED,,1,49,74,2800,15.8,2026-10-05T07:55:08Z
4w,F1,f00,bx_t128x256k32g42s32f32c,llama-3.2-3b,wk_wv,2048,1024,3072,sarc_dev_780m_x_linear_q4gsw_coopmat_bx_t128x256k32g42s32f32c_texture3d_texture2d_half,1,1223.8,0.00965552,SKIPPED,,1,49,74,2800,15.8,2026-10-05T07:55:08Z
4w,F1,f00,bx_t128x256k32g42s32f32c,llama-3.2-3b,w1_w3,2048,8192,3072,sarc_dev_780m_x_linear_q4gsw_coopmat_bx_t128x256k32g42s32f32c_texture3d_texture2d_half,1,9416.8,0.00384196,SKIPPED,,1,49,74,2800,15.8,2026-10-05T07:55:08Z
4w,F1,f00,bx_t128x256k32g42s32f32c,llama-3.2-3b,w2,2048,3072,8192,sarc_dev_780m_x_linear_q4gsw_coopmat_bx_t128x256k32g42s32f32c_texture3d_texture2d_half,1,9157.6,0.0110175,SKIPPED,,1,49,74,2800,15.8,2026-10-05T07:55:08Z
4w,F1,f00,bx_t128x256k32g42s32f32c,llama-3.2-1b,wq_wo,2048,2048,2048,sarc_dev_780m_x_linear_q4gsw_coopmat_bx_t128x256k32g42s32f32c_texture3d_texture2d_half,1,1618.14,0.00863408,SKIPPED,,1,49,74,2800,15.8,2026-10-05T07:55:08Z
4w,F1,f00,bx_t128x256k32g42s32f32c,llama-3.2-1b,wk_wv,2048,512,2048,sarc_dev_780m_x_linear_q4gsw_coopmat_bx_t128x256k32g42s32f32c_texture3d_texture2d_half,1,467.68,0.0129815,SKIPPED,,1,49,74,2800,15.8,2026-10-05T07:55:08Z
4w,F1,f00,bx_t128x256k32g42s32f32c,llama-3.2-1b,w1_w3,2048,8192,2048,sarc_dev_780m_x_linear_q4gsw_coopmat_bx_t128x256k32g42s32f32c_texture3d_texture2d_half,1,6296.76,0.00578641,SKIPPED,,1,49,74,2800,15.8,2026-10-05T07:55:08Z
4w,F1,f00,bx_t128x256k32g42s32f32c,llama-3.2-1b,w2,2048,2048,8192,sarc_dev_780m_x_linear_q4gsw_coopmat_bx_t128x256k32g42s32f32c_texture3d_texture2d_half,1,6287.84,0.00469962,SKIPPED,,1,49,74,2800,15.8,2026-10-05T07:55:08Z
4w,F1,f00,t128x256k32g42s32f32xp,llama-3.1-8b,wq_wo,2048,4096,4096,sarc_dev_780m_x_linear_q4gsw_coopmat_t128x256k32g42s32f32xp_texture3d_texture2d_half,1,6181.72,0.00381681,SKIPPED,,1,49,75,2800,15.5,2026-10-05T07:55:28Z
4w,F1,f00,t128x256k32g42s32f32xp,llama-3.1-8b,wk_wv,2048,1024,4096,sarc_dev_780m_x_linear_q4gsw_coopmat_t128x256k32g42s32f32xp_texture3d_texture2d_half,1,1612.04,0.00676727,SKIPPED,,1,49,75,2800,15.5,2026-10-05T07:55:28Z
4w,F1,f00,t128x256k32g42s32f32xp,llama-3.1-8b,w1_w3,2048,14336,4096,sarc_dev_780m_x_linear_q4gsw_coopmat_t128x256k32g42s32f32xp_texture3d_texture2d_half,1,21583.5,0.00291772,SKIPPED,,1,49,75,2800,15.5,2026-10-05T07:55:28Z
4w,F1,f00,t128x256k32g42s32f32xp,llama-3.1-8b,w2,2048,4096,14336,sarc_dev_780m_x_linear_q4gsw_coopmat_t128x256k32g42s32f32xp_texture3d_texture2d_half,1,21435.3,0.00221916,SKIPPED,,1,49,75,2800,15.5,2026-10-05T07:55:28Z
4w,F1,f00,t128x256k32g42s32f32xp,llama-3.2-3b,wq_wo,2048,3072,3072,sarc_dev_780m_x_linear_q4gsw_coopmat_t128x256k32g42s32f32xp_texture3d_texture2d_half,1,3524.6,0.0117078,SKIPPED,,1,49,75,2800,15.5,2026-10-05T07:55:28Z
4w,F1,f00,t128x256k32g42s32f32xp,llama-3.2-3b,wk_wv,2048,1024,3072,sarc_dev_780m_x_linear_q4gsw_coopmat_t128x256k32g42s32f32xp_texture3d_texture2d_half,1,1232.78,0.00674354,SKIPPED,,1,49,75,2800,15.5,2026-10-05T07:55:28Z
4w,F1,f00,t128x256k32g42s32f32xp,llama-3.2-3b,w1_w3,2048,8192,3072,sarc_dev_780m_x_linear_q4gsw_coopmat_t128x256k32g42s32f32xp_texture3d_texture2d_half,1,9408.84,0.00937992,SKIPPED,,1,49,75,2800,15.5,2026-10-05T07:55:28Z
4w,F1,f00,t128x256k32g42s32f32xp,llama-3.2-3b,w2,2048,3072,8192,sarc_dev_780m_x_linear_q4gsw_coopmat_t128x256k32g42s32f32xp_texture3d_texture2d_half,1,9164.08,0.00416001,SKIPPED,,1,49,75,2800,15.5,2026-10-05T07:55:28Z
4w,F1,f00,t128x256k32g42s32f32xp,llama-3.2-1b,wq_wo,2048,2048,2048,sarc_dev_780m_x_linear_q4gsw_coopmat_t128x256k32g42s32f32xp_texture3d_texture2d_half,1,1630.3,0.0127093,SKIPPED,,1,49,75,2800,15.5,2026-10-05T07:55:28Z
4w,F1,f00,t128x256k32g42s32f32xp,llama-3.2-1b,wk_wv,2048,512,2048,sarc_dev_780m_x_linear_q4gsw_coopmat_t128x256k32g42s32f32xp_texture3d_texture2d_half,1,466.36,0.0108911,SKIPPED,,1,49,75,2800,15.5,2026-10-05T07:55:28Z
4w,F1,f00,t128x256k32g42s32f32xp,llama-3.2-1b,w1_w3,2048,8192,2048,sarc_dev_780m_x_linear_q4gsw_coopmat_t128x256k32g42s32f32xp_texture3d_texture2d_half,1,6248.04,0.00848147,SKIPPED,,1,49,75,2800,15.5,2026-10-05T07:55:28Z
4w,F1,f00,t128x256k32g42s32f32xp,llama-3.2-1b,w2,2048,2048,8192,sarc_dev_780m_x_linear_q4gsw_coopmat_t128x256k32g42s32f32xp_texture3d_texture2d_half,1,6320.84,0.00401594,SKIPPED,,1,49,75,2800,15.5,2026-10-05T07:55:28Z
4w,F1,f00,t128x256k32g42s32f32xpiiw,llama-3.1-8b,wq_wo,2048,4096,4096,sarc_dev_780m_x_linear_q4gsw_coopmat_t128x256k32g42s32f32xpiiw_texture3d_texture2d_half,1,6185.36,0.00543574,SKIPPED,,1,49,75,2800,15.3,2026-10-05T07:55:49Z
4w,F1,f00,t128x256k32g42s32f32xpiiw,llama-3.1-8b,wk_wv,2048,1024,4096,sarc_dev_780m_x_linear_q4gsw_coopmat_t128x256k32g42s32f32xpiiw_texture3d_texture2d_half,1,1611.54,0.00493933,SKIPPED,,1,49,75,2800,15.3,2026-10-05T07:55:49Z
4w,F1,f00,t128x256k32g42s32f32xpiiw,llama-3.1-8b,w1_w3,2048,14336,4096,sarc_dev_780m_x_linear_q4gsw_coopmat_t128x256k32g42s32f32xpiiw_texture3d_texture2d_half,1,21574.9,0.00387085,SKIPPED,,1,49,75,2800,15.3,2026-10-05T07:55:49Z
4w,F1,f00,t128x256k32g42s32f32xpiiw,llama-3.1-8b,w2,2048,4096,14336,sarc_dev_780m_x_linear_q4gsw_coopmat_t128x256k32g42s32f32xpiiw_texture3d_texture2d_half,1,21391.9,0.00254108,SKIPPED,,1,49,75,2800,15.3,2026-10-05T07:55:49Z
4w,F1,f00,t128x256k32g42s32f32xpiiw,llama-3.2-3b,wq_wo,2048,3072,3072,sarc_dev_780m_x_linear_q4gsw_coopmat_t128x256k32g42s32f32xpiiw_texture3d_texture2d_half,1,3519.5,0.00475713,SKIPPED,,1,49,75,2800,15.3,2026-10-05T07:55:49Z
4w,F1,f00,t128x256k32g42s32f32xpiiw,llama-3.2-3b,wk_wv,2048,1024,3072,sarc_dev_780m_x_linear_q4gsw_coopmat_t128x256k32g42s32f32xpiiw_texture3d_texture2d_half,1,1232.08,0.00732819,SKIPPED,,1,49,75,2800,15.3,2026-10-05T07:55:49Z
4w,F1,f00,t128x256k32g42s32f32xpiiw,llama-3.2-3b,w1_w3,2048,8192,3072,sarc_dev_780m_x_linear_q4gsw_coopmat_t128x256k32g42s32f32xpiiw_texture3d_texture2d_half,1,9413,0.00592808,SKIPPED,,1,49,75,2800,15.3,2026-10-05T07:55:49Z
4w,F1,f00,t128x256k32g42s32f32xpiiw,llama-3.2-3b,w2,2048,3072,8192,sarc_dev_780m_x_linear_q4gsw_coopmat_t128x256k32g42s32f32xpiiw_texture3d_texture2d_half,1,9167.2,0.00701459,SKIPPED,,1,49,75,2800,15.3,2026-10-05T07:55:49Z
4w,F1,f00,t128x256k32g42s32f32xpiiw,llama-3.2-1b,wq_wo,2048,2048,2048,sarc_dev_780m_x_linear_q4gsw_coopmat_t128x256k32g42s32f32xpiiw_texture3d_texture2d_half,1,1633.3,0.00917203,SKIPPED,,1,49,75,2800,15.3,2026-10-05T07:55:49Z
4w,F1,f00,t128x256k32g42s32f32xpiiw,llama-3.2-1b,wk_wv,2048,512,2048,sarc_dev_780m_x_linear_q4gsw_coopmat_t128x256k32g42s32f32xpiiw_texture3d_texture2d_half,1,465.98,0.0107208,SKIPPED,,1,49,75,2800,15.3,2026-10-05T07:55:49Z
4w,F1,f00,t128x256k32g42s32f32xpiiw,llama-3.2-1b,w1_w3,2048,8192,2048,sarc_dev_780m_x_linear_q4gsw_coopmat_t128x256k32g42s32f32xpiiw_texture3d_texture2d_half,1,6281.52,0.0105111,SKIPPED,,1,49,75,2800,15.3,2026-10-05T07:55:49Z
4w,F1,f00,t128x256k32g42s32f32xpiiw,llama-3.2-1b,w2,2048,2048,8192,sarc_dev_780m_x_linear_q4gsw_coopmat_t128x256k32g42s32f32xpiiw_texture3d_texture2d_half,1,6319.56,0.00318092,SKIPPED,,1,49,75,2800,15.3,2026-10-05T07:55:49Z
4w,F1,f00,t256x128k32g42s32f32ciwbt,llama-3.1-8b,wq_wo,2048,4096,4096,sarc_dev_780m_x_linear_q4gsw_coopmat_t256x128k32g42s32f32ciwbt_texture3d_texture2d_half,1,6288.04,0.00377738,SKIPPED,,1,49,75,2800,15.5,2026-10-05T07:56:09Z
4w,F1,f00,t256x128k32g42s32f32ciwbt,llama-3.1-8b,wk_wv,2048,1024,4096,sarc_dev_780m_x_linear_q4gsw_coopmat_t256x128k32g42s32f32ciwbt_texture3d_texture2d_half,1,1705.18,0.0136109,SKIPPED,,1,49,75,2800,15.5,2026-10-05T07:56:09Z
4w,F1,f00,t256x128k32g42s32f32ciwbt,llama-3.1-8b,w1_w3,2048,14336,4096,sarc_dev_780m_x_linear_q4gsw_coopmat_t256x128k32g42s32f32ciwbt_texture3d_texture2d_half,1,21753,0.00332038,SKIPPED,,1,49,75,2800,15.5,2026-10-05T07:56:09Z
4w,F1,f00,t256x128k32g42s32f32ciwbt,llama-3.1-8b,w2,2048,4096,14336,sarc_dev_780m_x_linear_q4gsw_coopmat_t256x128k32g42s32f32ciwbt_texture3d_texture2d_half,1,21258.7,0.00332428,SKIPPED,,1,49,75,2800,15.5,2026-10-05T07:56:09Z
4w,F1,f00,t256x128k32g42s32f32ciwbt,llama-3.2-3b,wq_wo,2048,3072,3072,sarc_dev_780m_x_linear_q4gsw_coopmat_t256x128k32g42s32f32ciwbt_texture3d_texture2d_half,1,3648.98,0.00490897,SKIPPED,,1,49,75,2800,15.5,2026-10-05T07:56:09Z
4w,F1,f00,t256x128k32g42s32f32ciwbt,llama-3.2-3b,wk_wv,2048,1024,3072,sarc_dev_780m_x_linear_q4gsw_coopmat_t256x128k32g42s32f32ciwbt_texture3d_texture2d_half,1,1343.78,0.0144738,SKIPPED,,1,49,75,2800,15.5,2026-10-05T07:56:09Z
4w,F1,f00,t256x128k32g42s32f32ciwbt,llama-3.2-3b,w1_w3,2048,8192,3072,sarc_dev_780m_x_linear_q4gsw_coopmat_t256x128k32g42s32f32ciwbt_texture3d_texture2d_half,1,9683.78,0.00462391,SKIPPED,,1,49,75,2800,15.5,2026-10-05T07:56:09Z
4w,F1,f00,t256x128k32g42s32f32ciwbt,llama-3.2-3b,w2,2048,3072,8192,sarc_dev_780m_x_linear_q4gsw_coopmat_t256x128k32g42s32f32ciwbt_texture3d_texture2d_half,1,8921.92,0.00182641,SKIPPED,,1,49,75,2800,15.5,2026-10-05T07:56:09Z
4w,F1,f00,t256x128k32g42s32f32ciwbt,llama-3.2-1b,wq_wo,2048,2048,2048,sarc_dev_780m_x_linear_q4gsw_coopmat_t256x128k32g42s32f32ciwbt_texture3d_texture2d_half,1,1723.66,0.0142808,SKIPPED,,1,49,75,2800,15.5,2026-10-05T07:56:09Z
4w,F1,f00,t256x128k32g42s32f32ciwbt,llama-3.2-1b,wk_wv,2048,512,2048,sarc_dev_780m_x_linear_q4gsw_coopmat_t256x128k32g42s32f32ciwbt_texture3d_texture2d_half,1,487.1,0.0302147,SKIPPED,,1,49,75,2800,15.5,2026-10-05T07:56:09Z
4w,F1,f00,t256x128k32g42s32f32ciwbt,llama-3.2-1b,w1_w3,2048,8192,2048,sarc_dev_780m_x_linear_q4gsw_coopmat_t256x128k32g42s32f32ciwbt_texture3d_texture2d_half,1,6814.2,0.00645375,SKIPPED,,1,49,75,2800,15.5,2026-10-05T07:56:09Z
4w,F1,f00,t256x128k32g42s32f32ciwbt,llama-3.2-1b,w2,2048,2048,8192,sarc_dev_780m_x_linear_q4gsw_coopmat_t256x128k32g42s32f32ciwbt_texture3d_texture2d_half,1,6166.48,0.0025644,SKIPPED,,1,49,75,2800,15.5,2026-10-05T07:56:09Z
4w,F1,f00,t256x128k32g42s32f32cbt,llama-3.1-8b,wq_wo,2048,4096,4096,sarc_dev_780m_x_linear_q4gsw_coopmat_t256x128k32g42s32f32cbt_texture3d_texture2d_half,1,6292.48,0.00350327,SKIPPED,,1,49,77,2800,15.6,2026-10-05T07:56:30Z
4w,F1,f00,t256x128k32g42s32f32cbt,llama-3.1-8b,wk_wv,2048,1024,4096,sarc_dev_780m_x_linear_q4gsw_coopmat_t256x128k32g42s32f32cbt_texture3d_texture2d_half,1,1702.38,0.0144915,SKIPPED,,1,49,77,2800,15.6,2026-10-05T07:56:30Z
4w,F1,f00,t256x128k32g42s32f32cbt,llama-3.1-8b,w1_w3,2048,14336,4096,sarc_dev_780m_x_linear_q4gsw_coopmat_t256x128k32g42s32f32cbt_texture3d_texture2d_half,1,21745.6,0.00187408,SKIPPED,,1,49,77,2800,15.6,2026-10-05T07:56:30Z
4w,F1,f00,t256x128k32g42s32f32cbt,llama-3.1-8b,w2,2048,4096,14336,sarc_dev_780m_x_linear_q4gsw_coopmat_t256x128k32g42s32f32cbt_texture3d_texture2d_half,1,21263.4,0.00573822,SKIPPED,,1,49,77,2800,15.6,2026-10-05T07:56:30Z
4w,F1,f00,t256x128k32g42s32f32cbt,llama-3.2-3b,wq_wo,2048,3072,3072,sarc_dev_780m_x_linear_q4gsw_coopmat_t256x128k32g42s32f32cbt_texture3d_texture2d_half,1,3648.12,0.00342069,SKIPPED,,1,49,77,2800,15.6,2026-10-05T07:56:30Z
4w,F1,f00,t256x128k32g42s32f32cbt,llama-3.2-3b,wk_wv,2048,1024,3072,sarc_dev_780m_x_linear_q4gsw_coopmat_t256x128k32g42s32f32cbt_texture3d_texture2d_half,1,1345.26,0.0145102,SKIPPED,,1,49,77,2800,15.6,2026-10-05T07:56:30Z
4w,F1,f00,t256x128k32g42s32f32cbt,llama-3.2-3b,w1_w3,2048,8192,3072,sarc_dev_780m_x_linear_q4gsw_coopmat_t256x128k32g42s32f32cbt_texture3d_texture2d_half,1,9703.94,0.00395544,SKIPPED,,1,49,77,2800,15.6,2026-10-05T07:56:30Z
4w,F1,f00,t256x128k32g42s32f32cbt,llama-3.2-3b,w2,2048,3072,8192,sarc_dev_780m_x_linear_q4gsw_coopmat_t256x128k32g42s32f32cbt_texture3d_texture2d_half,1,8924.74,0.00601689,SKIPPED,,1,49,77,2800,15.6,2026-10-05T07:56:30Z
4w,F1,f00,t256x128k32g42s32f32cbt,llama-3.2-1b,wq_wo,2048,2048,2048,sarc_dev_780m_x_linear_q4gsw_coopmat_t256x128k32g42s32f32cbt_texture3d_texture2d_half,1,1718.8,0.00980752,SKIPPED,,1,49,77,2800,15.6,2026-10-05T07:56:30Z
4w,F1,f00,t256x128k32g42s32f32cbt,llama-3.2-1b,wk_wv,2048,512,2048,sarc_dev_780m_x_linear_q4gsw_coopmat_t256x128k32g42s32f32cbt_texture3d_texture2d_half,1,487.24,0.0287911,SKIPPED,,1,49,77,2800,15.6,2026-10-05T07:56:30Z
4w,F1,f00,t256x128k32g42s32f32cbt,llama-3.2-1b,w1_w3,2048,8192,2048,sarc_dev_780m_x_linear_q4gsw_coopmat_t256x128k32g42s32f32cbt_texture3d_texture2d_half,1,6748.28,0.00804315,SKIPPED,,1,49,77,2800,15.6,2026-10-05T07:56:30Z
4w,F1,f00,t256x128k32g42s32f32cbt,llama-3.2-1b,w2,2048,2048,8192,sarc_dev_780m_x_linear_q4gsw_coopmat_t256x128k32g42s32f32cbt_texture3d_texture2d_half,1,6166.28,0.00373137,SKIPPED,,1,49,77,2800,15.6,2026-10-05T07:56:30Z
4w,F1,f00,t256x128k32g42s32f32bibt,llama-3.1-8b,wq_wo,2048,4096,4096,sarc_dev_780m_x_linear_q4gsw_coopmat_t256x128k32g42s32f32bibt_texture3d_texture2d_half,1,6364.72,0.00485467,SKIPPED,,1,49,77,2800,15.6,2026-10-05T07:56:51Z
4w,F1,f00,t256x128k32g42s32f32bibt,llama-3.1-8b,wk_wv,2048,1024,4096,sarc_dev_780m_x_linear_q4gsw_coopmat_t256x128k32g42s32f32bibt_texture3d_texture2d_half,1,1718.6,0.0168107,SKIPPED,,1,49,77,2800,15.6,2026-10-05T07:56:51Z
4w,F1,f00,t256x128k32g42s32f32bibt,llama-3.1-8b,w1_w3,2048,14336,4096,sarc_dev_780m_x_linear_q4gsw_coopmat_t256x128k32g42s32f32bibt_texture3d_texture2d_half,1,21943.3,0.00372961,SKIPPED,,1,49,77,2800,15.6,2026-10-05T07:56:51Z
4w,F1,f00,t256x128k32g42s32f32bibt,llama-3.1-8b,w2,2048,4096,14336,sarc_dev_780m_x_linear_q4gsw_coopmat_t256x128k32g42s32f32bibt_texture3d_texture2d_half,1,21317.2,0.00345591,SKIPPED,,1,49,77,2800,15.6,2026-10-05T07:56:51Z
4w,F1,f00,t256x128k32g42s32f32bibt,llama-3.2-3b,wq_wo,2048,3072,3072,sarc_dev_780m_x_linear_q4gsw_coopmat_t256x128k32g42s32f32bibt_texture3d_texture2d_half,1,3684.04,0.00225048,SKIPPED,,1,49,77,2800,15.6,2026-10-05T07:56:51Z
4w,F1,f00,t256x128k32g42s32f32bibt,llama-3.2-3b,wk_wv,2048,1024,3072,sarc_dev_780m_x_linear_q4gsw_coopmat_t256x128k32g42s32f32bibt_texture3d_texture2d_half,1,1359.48,0.0134403,SKIPPED,,1,49,77,2800,15.6,2026-10-05T07:56:51Z
4w,F1,f00,t256x128k32g42s32f32bibt,llama-3.2-3b,w1_w3,2048,8192,3072,sarc_dev_780m_x_linear_q4gsw_coopmat_t256x128k32g42s32f32bibt_texture3d_texture2d_half,1,9850.04,0.00405444,SKIPPED,,1,49,77,2800,15.6,2026-10-05T07:56:51Z
4w,F1,f00,t256x128k32g42s32f32bibt,llama-3.2-3b,w2,2048,3072,8192,sarc_dev_780m_x_linear_q4gsw_coopmat_t256x128k32g42s32f32bibt_texture3d_texture2d_half,1,8932.46,0.00243939,SKIPPED,,1,49,77,2800,15.6,2026-10-05T07:56:51Z
4w,F1,f00,t256x128k32g42s32f32bibt,llama-3.2-1b,wq_wo,2048,2048,2048,sarc_dev_780m_x_linear_q4gsw_coopmat_t256x128k32g42s32f32bibt_texture3d_texture2d_half,1,1746.02,0.0102969,SKIPPED,,1,49,77,2800,15.6,2026-10-05T07:56:51Z
4w,F1,f00,t256x128k32g42s32f32bibt,llama-3.2-1b,wk_wv,2048,512,2048,sarc_dev_780m_x_linear_q4gsw_coopmat_t256x128k32g42s32f32bibt_texture3d_texture2d_half,1,493.24,0.0310605,SKIPPED,,1,49,77,2800,15.6,2026-10-05T07:56:51Z
4w,F1,f00,t256x128k32g42s32f32bibt,llama-3.2-1b,w1_w3,2048,8192,2048,sarc_dev_780m_x_linear_q4gsw_coopmat_t256x128k32g42s32f32bibt_texture3d_texture2d_half,1,6914.4,0.00475744,SKIPPED,,1,49,77,2800,15.6,2026-10-05T07:56:51Z
4w,F1,f00,t256x128k32g42s32f32bibt,llama-3.2-1b,w2,2048,2048,8192,sarc_dev_780m_x_linear_q4gsw_coopmat_t256x128k32g42s32f32bibt_texture3d_texture2d_half,1,6184.56,0.00629334,SKIPPED,,1,49,77,2800,15.6,2026-10-05T07:56:51Z
4w,F1,f00,t256x128k32g42s32f32biwbt,llama-3.1-8b,wq_wo,2048,4096,4096,sarc_dev_780m_x_linear_q4gsw_coopmat_t256x128k32g42s32f32biwbt_texture3d_texture2d_half,1,6372.56,0.00519093,SKIPPED,,1,49,75,2800,15.7,2026-10-05T07:57:11Z
4w,F1,f00,t256x128k32g42s32f32biwbt,llama-3.1-8b,wk_wv,2048,1024,4096,sarc_dev_780m_x_linear_q4gsw_coopmat_t256x128k32g42s32f32biwbt_texture3d_texture2d_half,1,1727.38,0.0153787,SKIPPED,,1,49,75,2800,15.7,2026-10-05T07:57:11Z
4w,F1,f00,t256x128k32g42s32f32biwbt,llama-3.1-8b,w1_w3,2048,14336,4096,sarc_dev_780m_x_linear_q4gsw_coopmat_t256x128k32g42s32f32biwbt_texture3d_texture2d_half,1,21918.9,0.00474124,SKIPPED,,1,49,75,2800,15.7,2026-10-05T07:57:11Z
4w,F1,f00,t256x128k32g42s32f32biwbt,llama-3.1-8b,w2,2048,4096,14336,sarc_dev_780m_x_linear_q4gsw_coopmat_t256x128k32g42s32f32biwbt_texture3d_texture2d_half,1,21306.1,0.00616688,SKIPPED,,1,49,75,2800,15.7,2026-10-05T07:57:11Z
4w,F1,f00,t256x128k32g42s32f32biwbt,llama-3.2-3b,wq_wo,2048,3072,3072,sarc_dev_780m_x_linear_q4gsw_coopmat_t256x128k32g42s32f32biwbt_texture3d_texture2d_half,1,3684.16,0.00220664,SKIPPED,,1,49,75,2800,15.7,2026-10-05T07:57:11Z
4w,F1,f00,t256x128k32g42s32f32biwbt,llama-3.2-3b,wk_wv,2048,1024,3072,sarc_dev_780m_x_linear_q4gsw_coopmat_t256x128k32g42s32f32biwbt_texture3d_texture2d_half,1,1361.76,0.0124545,SKIPPED,,1,49,75,2800,15.7,2026-10-05T07:57:11Z
4w,F1,f00,t256x128k32g42s32f32biwbt,llama-3.2-3b,w1_w3,2048,8192,3072,sarc_dev_780m_x_linear_q4gsw_coopmat_t256x128k32g42s32f32biwbt_texture3d_texture2d_half,1,9856.56,0.00326057,SKIPPED,,1,49,75,2800,15.7,2026-10-05T07:57:11Z
4w,F1,f00,t256x128k32g42s32f32biwbt,llama-3.2-3b,w2,2048,3072,8192,sarc_dev_780m_x_linear_q4gsw_coopmat_t256x128k32g42s32f32biwbt_texture3d_texture2d_half,1,8940.16,0.00218609,SKIPPED,,1,49,75,2800,15.7,2026-10-05T07:57:11Z
4w,F1,f00,t256x128k32g42s32f32biwbt,llama-3.2-1b,wq_wo,2048,2048,2048,sarc_dev_780m_x_linear_q4gsw_coopmat_t256x128k32g42s32f32biwbt_texture3d_texture2d_half,1,1748.24,0.00956741,SKIPPED,,1,49,75,2800,15.7,2026-10-05T07:57:11Z
4w,F1,f00,t256x128k32g42s32f32biwbt,llama-3.2-1b,wk_wv,2048,512,2048,sarc_dev_780m_x_linear_q4gsw_coopmat_t256x128k32g42s32f32biwbt_texture3d_texture2d_half,1,492.48,0.0288656,SKIPPED,,1,49,75,2800,15.7,2026-10-05T07:57:11Z
4w,F1,f00,t256x128k32g42s32f32biwbt,llama-3.2-1b,w1_w3,2048,8192,2048,sarc_dev_780m_x_linear_q4gsw_coopmat_t256x128k32g42s32f32biwbt_texture3d_texture2d_half,1,6909.92,0.00438511,SKIPPED,,1,49,75,2800,15.7,2026-10-05T07:57:11Z
4w,F1,f00,t256x128k32g42s32f32biwbt,llama-3.2-1b,w2,2048,2048,8192,sarc_dev_780m_x_linear_q4gsw_coopmat_t256x128k32g42s32f32biwbt_texture3d_texture2d_half,1,6182.52,0.00249225,SKIPPED,,1,49,75,2800,15.7,2026-10-05T07:57:11Z
4w,F1,f00,t128x128k32g42s32f32xp,llama-3.1-8b,wq_wo,2048,4096,4096,sarc_dev_780m_x_linear_q4gsw_coopmat_t128x128k32g42s32f32xp_texture3d_texture2d_half,1,6508.76,0.00505262,SKIPPED,,1,49,76,2800,15.3,2026-10-05T07:57:32Z
4w,F1,f00,t128x128k32g42s32f32xp,llama-3.1-8b,wk_wv,2048,1024,4096,sarc_dev_780m_x_linear_q4gsw_coopmat_t128x128k32g42s32f32xp_texture3d_texture2d_half,1,1717.68,0.0129721,SKIPPED,,1,49,76,2800,15.3,2026-10-05T07:57:32Z
4w,F1,f00,t128x128k32g42s32f32xp,llama-3.1-8b,w1_w3,2048,14336,4096,sarc_dev_780m_x_linear_q4gsw_coopmat_t128x128k32g42s32f32xp_texture3d_texture2d_half,1,22198.6,0.00320767,SKIPPED,,1,49,76,2800,15.3,2026-10-05T07:57:32Z
4w,F1,f00,t128x128k32g42s32f32xp,llama-3.1-8b,w2,2048,4096,14336,sarc_dev_780m_x_linear_q4gsw_coopmat_t128x128k32g42s32f32xp_texture3d_texture2d_half,1,22276.2,0.00410541,SKIPPED,,1,49,76,2800,15.3,2026-10-05T07:57:32Z
4w,F1,f00,t128x128k32g42s32f32xp,llama-3.2-3b,wq_wo,2048,3072,3072,sarc_dev_780m_x_linear_q4gsw_coopmat_t128x128k32g42s32f32xp_texture3d_texture2d_half,1,3564.1,0.0068747,SKIPPED,,1,49,76,2800,15.3,2026-10-05T07:57:32Z
4w,F1,f00,t128x128k32g42s32f32xp,llama-3.2-3b,wk_wv,2048,1024,3072,sarc_dev_780m_x_linear_q4gsw_coopmat_t128x128k32g42s32f32xp_texture3d_texture2d_half,1,1258.12,0.0067614,SKIPPED,,1,49,76,2800,15.3,2026-10-05T07:57:32Z
4w,F1,f00,t128x128k32g42s32f32xp,llama-3.2-3b,w1_w3,2048,8192,3072,sarc_dev_780m_x_linear_q4gsw_coopmat_t128x128k32g42s32f32xp_texture3d_texture2d_half,1,9487.26,0.00423561,SKIPPED,,1,49,76,2800,15.3,2026-10-05T07:57:32Z
4w,F1,f00,t128x128k32g42s32f32xp,llama-3.2-3b,w2,2048,3072,8192,sarc_dev_780m_x_linear_q4gsw_coopmat_t128x128k32g42s32f32xp_texture3d_texture2d_half,1,9553.44,0.00371795,SKIPPED,,1,49,76,2800,15.3,2026-10-05T07:57:32Z
4w,F1,f00,t128x128k32g42s32f32xp,llama-3.2-1b,wq_wo,2048,2048,2048,sarc_dev_780m_x_linear_q4gsw_coopmat_t128x128k32g42s32f32xp_texture3d_texture2d_half,1,1616.56,0.00670515,SKIPPED,,1,49,76,2800,15.3,2026-10-05T07:57:32Z
4w,F1,f00,t128x128k32g42s32f32xp,llama-3.2-1b,wk_wv,2048,512,2048,sarc_dev_780m_x_linear_q4gsw_coopmat_t128x128k32g42s32f32xp_texture3d_texture2d_half,1,438.84,0.00887645,SKIPPED,,1,49,76,2800,15.3,2026-10-05T07:57:32Z
4w,F1,f00,t128x128k32g42s32f32xp,llama-3.2-1b,w1_w3,2048,8192,2048,sarc_dev_780m_x_linear_q4gsw_coopmat_t128x128k32g42s32f32xp_texture3d_texture2d_half,1,6330.92,0.00730502,SKIPPED,,1,49,76,2800,15.3,2026-10-05T07:57:32Z
4w,F1,f00,t128x128k32g42s32f32xp,llama-3.2-1b,w2,2048,2048,8192,sarc_dev_780m_x_linear_q4gsw_coopmat_t128x128k32g42s32f32xp_texture3d_texture2d_half,1,6516.84,0.0130313,SKIPPED,,1,49,76,2800,15.3,2026-10-05T07:57:32Z
4w,F1,f00,t128x128k32g42s32f32xpiw,llama-3.1-8b,wq_wo,2048,4096,4096,sarc_dev_780m_x_linear_q4gsw_coopmat_t128x128k32g42s32f32xpiw_texture3d_texture2d_half,1,6500.64,0.00361897,SKIPPED,,1,49,77,2800,15.2,2026-10-05T07:57:52Z
4w,F1,f00,t128x128k32g42s32f32xpiw,llama-3.1-8b,wk_wv,2048,1024,4096,sarc_dev_780m_x_linear_q4gsw_coopmat_t128x128k32g42s32f32xpiw_texture3d_texture2d_half,1,1713.28,0.00594857,SKIPPED,,1,49,77,2800,15.2,2026-10-05T07:57:52Z
4w,F1,f00,t128x128k32g42s32f32xpiw,llama-3.1-8b,w1_w3,2048,14336,4096,sarc_dev_780m_x_linear_q4gsw_coopmat_t128x128k32g42s32f32xpiw_texture3d_texture2d_half,1,22190.9,0.0031993,SKIPPED,,1,49,77,2800,15.2,2026-10-05T07:57:52Z
4w,F1,f00,t128x128k32g42s32f32xpiw,llama-3.1-8b,w2,2048,4096,14336,sarc_dev_780m_x_linear_q4gsw_coopmat_t128x128k32g42s32f32xpiw_texture3d_texture2d_half,1,22248.7,0.00244022,SKIPPED,,1,49,77,2800,15.2,2026-10-05T07:57:52Z
4w,F1,f00,t128x128k32g42s32f32xpiw,llama-3.2-3b,wq_wo,2048,3072,3072,sarc_dev_780m_x_linear_q4gsw_coopmat_t128x128k32g42s32f32xpiw_texture3d_texture2d_half,1,3570.82,0.00524206,SKIPPED,,1,49,77,2800,15.2,2026-10-05T07:57:52Z
4w,F1,f00,t128x128k32g42s32f32xpiw,llama-3.2-3b,wk_wv,2048,1024,3072,sarc_dev_780m_x_linear_q4gsw_coopmat_t128x128k32g42s32f32xpiw_texture3d_texture2d_half,1,1257.96,0.00652591,SKIPPED,,1,49,77,2800,15.2,2026-10-05T07:57:52Z
4w,F1,f00,t128x128k32g42s32f32xpiw,llama-3.2-3b,w1_w3,2048,8192,3072,sarc_dev_780m_x_linear_q4gsw_coopmat_t128x128k32g42s32f32xpiw_texture3d_texture2d_half,1,9487.6,0.00907038,SKIPPED,,1,49,77,2800,15.2,2026-10-05T07:57:52Z
4w,F1,f00,t128x128k32g42s32f32xpiw,llama-3.2-3b,w2,2048,3072,8192,sarc_dev_780m_x_linear_q4gsw_coopmat_t128x128k32g42s32f32xpiw_texture3d_texture2d_half,1,9558.8,0.00945108,SKIPPED,,1,49,77,2800,15.2,2026-10-05T07:57:52Z
4w,F1,f00,t128x128k32g42s32f32xpiw,llama-3.2-1b,wq_wo,2048,2048,2048,sarc_dev_780m_x_linear_q4gsw_coopmat_t128x128k32g42s32f32xpiw_texture3d_texture2d_half,1,1616.5,0.00587484,SKIPPED,,1,49,77,2800,15.2,2026-10-05T07:57:52Z
4w,F1,f00,t128x128k32g42s32f32xpiw,llama-3.2-1b,wk_wv,2048,512,2048,sarc_dev_780m_x_linear_q4gsw_coopmat_t128x128k32g42s32f32xpiw_texture3d_texture2d_half,1,439.28,0.0112754,SKIPPED,,1,49,77,2800,15.2,2026-10-05T07:57:52Z
4w,F1,f00,t128x128k32g42s32f32xpiw,llama-3.2-1b,w1_w3,2048,8192,2048,sarc_dev_780m_x_linear_q4gsw_coopmat_t128x128k32g42s32f32xpiw_texture3d_texture2d_half,1,6353.4,0.00777907,SKIPPED,,1,49,77,2800,15.2,2026-10-05T07:57:52Z
4w,F1,f00,t128x128k32g42s32f32xpiw,llama-3.2-1b,w2,2048,2048,8192,sarc_dev_780m_x_linear_q4gsw_coopmat_t128x128k32g42s32f32xpiw_texture3d_texture2d_half,1,6512.56,0.00293552,SKIPPED,,1,49,77,2800,15.2,2026-10-05T07:57:52Z
4w,F1,f00,t128x128k32g42s32f32ciiw,llama-3.1-8b,wq_wo,2048,4096,4096,sarc_dev_780m_x_linear_q4gsw_coopmat_t128x128k32g42s32f32ciiw_texture3d_texture2d_half,1,6546.52,0.00376823,SKIPPED,,1,49,76,2800,15.2,2026-10-05T07:58:12Z
4w,F1,f00,t128x128k32g42s32f32ciiw,llama-3.1-8b,wk_wv,2048,1024,4096,sarc_dev_780m_x_linear_q4gsw_coopmat_t128x128k32g42s32f32ciiw_texture3d_texture2d_half,1,1722,0.00749105,SKIPPED,,1,49,76,2800,15.2,2026-10-05T07:58:12Z
4w,F1,f00,t128x128k32g42s32f32ciiw,llama-3.1-8b,w1_w3,2048,14336,4096,sarc_dev_780m_x_linear_q4gsw_coopmat_t128x128k32g42s32f32ciiw_texture3d_texture2d_half,1,22340,0.00743001,SKIPPED,,1,49,76,2800,15.2,2026-10-05T07:58:12Z
4w,F1,f00,t128x128k32g42s32f32ciiw,llama-3.1-8b,w2,2048,4096,14336,sarc_dev_780m_x_linear_q4gsw_coopmat_t128x128k32g42s32f32ciiw_texture3d_texture2d_half,1,22430,0.005222,SKIPPED,,1,49,76,2800,15.2,2026-10-05T07:58:12Z
4w,F1,f00,t128x128k32g42s32f32ciiw,llama-3.2-3b,wq_wo,2048,3072,3072,sarc_dev_780m_x_linear_q4gsw_coopmat_t128x128k32g42s32f32ciiw_texture3d_texture2d_half,1,3582.2,0.00524247,SKIPPED,,1,49,76,2800,15.2,2026-10-05T07:58:12Z
4w,F1,f00,t128x128k32g42s32f32ciiw,llama-3.2-3b,wk_wv,2048,1024,3072,sarc_dev_780m_x_linear_q4gsw_coopmat_t128x128k32g42s32f32ciiw_texture3d_texture2d_half,1,1264.68,0.00650916,SKIPPED,,1,49,76,2800,15.2,2026-10-05T07:58:12Z
4w,F1,f00,t128x128k32g42s32f32ciiw,llama-3.2-3b,w1_w3,2048,8192,3072,sarc_dev_780m_x_linear_q4gsw_coopmat_t128x128k32g42s32f32ciiw_texture3d_texture2d_half,1,9559.28,0.0054209,SKIPPED,,1,49,76,2800,15.2,2026-10-05T07:58:12Z
4w,F1,f00,t128x128k32g42s32f32ciiw,llama-3.2-3b,w2,2048,3072,8192,sarc_dev_780m_x_linear_q4gsw_coopmat_t128x128k32g42s32f32ciiw_texture3d_texture2d_half,1,9601.9,0.00311819,SKIPPED,,1,49,76,2800,15.2,2026-10-05T07:58:12Z
4w,F1,f00,t128x128k32g42s32f32ciiw,llama-3.2-1b,wq_wo,2048,2048,2048,sarc_dev_780m_x_linear_q4gsw_coopmat_t128x128k32g42s32f32ciiw_texture3d_texture2d_half,1,1628.44,0.00783559,SKIPPED,,1,49,76,2800,15.2,2026-10-05T07:58:12Z
4w,F1,f00,t128x128k32g42s32f32ciiw,llama-3.2-1b,wk_wv,2048,512,2048,sarc_dev_780m_x_linear_q4gsw_coopmat_t128x128k32g42s32f32ciiw_texture3d_texture2d_half,1,439.88,0.00850154,SKIPPED,,1,49,76,2800,15.2,2026-10-05T07:58:12Z
4w,F1,f00,t128x128k32g42s32f32ciiw,llama-3.2-1b,w1_w3,2048,8192,2048,sarc_dev_780m_x_linear_q4gsw_coopmat_t128x128k32g42s32f32ciiw_texture3d_texture2d_half,1,6387.96,0.00784025,SKIPPED,,1,49,76,2800,15.2,2026-10-05T07:58:12Z
4w,F1,f00,t128x128k32g42s32f32ciiw,llama-3.2-1b,w2,2048,2048,8192,sarc_dev_780m_x_linear_q4gsw_coopmat_t128x128k32g42s32f32ciiw_texture3d_texture2d_half,1,6542.48,0.00525317,SKIPPED,,1,49,76,2800,15.2,2026-10-05T07:58:12Z
4w,F1,f00,t128x128k32g42s32f32c,llama-3.1-8b,wq_wo,2048,4096,4096,sarc_dev_780m_x_linear_q4gsw_coopmat_t128x128k32g42s32f32c_texture3d_texture2d_half,1,6539.32,0.00404714,SKIPPED,,1,49,75,2800,15.2,2026-10-05T07:58:32Z
4w,F1,f00,t128x128k32g42s32f32c,llama-3.1-8b,wk_wv,2048,1024,4096,sarc_dev_780m_x_linear_q4gsw_coopmat_t128x128k32g42s32f32c_texture3d_texture2d_half,1,1721.16,0.00752753,SKIPPED,,1,49,75,2800,15.2,2026-10-05T07:58:32Z
4w,F1,f00,t128x128k32g42s32f32c,llama-3.1-8b,w1_w3,2048,14336,4096,sarc_dev_780m_x_linear_q4gsw_coopmat_t128x128k32g42s32f32c_texture3d_texture2d_half,1,22315.5,0.00309991,SKIPPED,,1,49,75,2800,15.2,2026-10-05T07:58:32Z
4w,F1,f00,t128x128k32g42s32f32c,llama-3.1-8b,w2,2048,4096,14336,sarc_dev_780m_x_linear_q4gsw_coopmat_t128x128k32g42s32f32c_texture3d_texture2d_half,1,22379.6,0.00297515,SKIPPED,,1,49,75,2800,15.2,2026-10-05T07:58:32Z
4w,F1,f00,t128x128k32g42s32f32c,llama-3.2-3b,wq_wo,2048,3072,3072,sarc_dev_780m_x_linear_q4gsw_coopmat_t128x128k32g42s32f32c_texture3d_texture2d_half,1,3589.1,0.0137628,SKIPPED,,1,49,75,2800,15.2,2026-10-05T07:58:32Z
4w,F1,f00,t128x128k32g42s32f32c,llama-3.2-3b,wk_wv,2048,1024,3072,sarc_dev_780m_x_linear_q4gsw_coopmat_t128x128k32g42s32f32c_texture3d_texture2d_half,1,1264.12,0.00660949,SKIPPED,,1,49,75,2800,15.2,2026-10-05T07:58:32Z
4w,F1,f00,t128x128k32g42s32f32c,llama-3.2-3b,w1_w3,2048,8192,3072,sarc_dev_780m_x_linear_q4gsw_coopmat_t128x128k32g42s32f32c_texture3d_texture2d_half,1,9544.68,0.0111194,SKIPPED,,1,49,75,2800,15.2,2026-10-05T07:58:32Z
4w,F1,f00,t128x128k32g42s32f32c,llama-3.2-3b,w2,2048,3072,8192,sarc_dev_780m_x_linear_q4gsw_coopmat_t128x128k32g42s32f32c_texture3d_texture2d_half,1,9602.4,0.00385181,SKIPPED,,1,49,75,2800,15.2,2026-10-05T07:58:32Z
4w,F1,f00,t128x128k32g42s32f32c,llama-3.2-1b,wq_wo,2048,2048,2048,sarc_dev_780m_x_linear_q4gsw_coopmat_t128x128k32g42s32f32c_texture3d_texture2d_half,1,1629.44,0.0137632,SKIPPED,,1,49,75,2800,15.2,2026-10-05T07:58:32Z
4w,F1,f00,t128x128k32g42s32f32c,llama-3.2-1b,wk_wv,2048,512,2048,sarc_dev_780m_x_linear_q4gsw_coopmat_t128x128k32g42s32f32c_texture3d_texture2d_half,1,440.22,0.00841107,SKIPPED,,1,49,75,2800,15.2,2026-10-05T07:58:32Z
4w,F1,f00,t128x128k32g42s32f32c,llama-3.2-1b,w1_w3,2048,8192,2048,sarc_dev_780m_x_linear_q4gsw_coopmat_t128x128k32g42s32f32c_texture3d_texture2d_half,1,6386.08,0.00550268,SKIPPED,,1,49,75,2800,15.2,2026-10-05T07:58:32Z
4w,F1,f00,t128x128k32g42s32f32c,llama-3.2-1b,w2,2048,2048,8192,sarc_dev_780m_x_linear_q4gsw_coopmat_t128x128k32g42s32f32c_texture3d_texture2d_half,1,6542.76,0.00744385,SKIPPED,,1,49,75,2800,15.2,2026-10-05T07:58:32Z
4w,F1,f00,t128x128k32g42s32f32ci,llama-3.1-8b,wq_wo,2048,4096,4096,sarc_dev_780m_x_linear_q4gsw_coopmat_t128x128k32g42s32f32ci_texture3d_texture2d_half,1,6544.72,0.00366996,SKIPPED,,1,48,78,2800,15.4,2026-10-05T07:58:53Z
4w,F1,f00,t128x128k32g42s32f32ci,llama-3.1-8b,wk_wv,2048,1024,4096,sarc_dev_780m_x_linear_q4gsw_coopmat_t128x128k32g42s32f32ci_texture3d_texture2d_half,1,1724.64,0.0112595,SKIPPED,,1,48,78,2800,15.4,2026-10-05T07:58:53Z
4w,F1,f00,t128x128k32g42s32f32ci,llama-3.1-8b,w1_w3,2048,14336,4096,sarc_dev_780m_x_linear_q4gsw_coopmat_t128x128k32g42s32f32ci_texture3d_texture2d_half,1,22304.8,0.00266376,SKIPPED,,1,48,78,2800,15.4,2026-10-05T07:58:53Z
4w,F1,f00,t128x128k32g42s32f32ci,llama-3.1-8b,w2,2048,4096,14336,sarc_dev_780m_x_linear_q4gsw_coopmat_t128x128k32g42s32f32ci_texture3d_texture2d_half,1,22468,0.00235342,SKIPPED,,1,48,78,2800,15.4,2026-10-05T07:58:53Z
4w,F1,f00,t128x128k32g42s32f32ci,llama-3.2-3b,wq_wo,2048,3072,3072,sarc_dev_780m_x_linear_q4gsw_coopmat_t128x128k32g42s32f32ci_texture3d_texture2d_half,1,3585.38,0.00602147,SKIPPED,,1,48,78,2800,15.4,2026-10-05T07:58:53Z
4w,F1,f00,t128x128k32g42s32f32ci,llama-3.2-3b,wk_wv,2048,1024,3072,sarc_dev_780m_x_linear_q4gsw_coopmat_t128x128k32g42s32f32ci_texture3d_texture2d_half,1,1267.8,0.00970603,SKIPPED,,1,48,78,2800,15.4,2026-10-05T07:58:53Z
4w,F1,f00,t128x128k32g42s32f32ci,llama-3.2-3b,w1_w3,2048,8192,3072,sarc_dev_780m_x_linear_q4gsw_coopmat_t128x128k32g42s32f32ci_texture3d_texture2d_half,1,9562.46,0.00756558,SKIPPED,,1,48,78,2800,15.4,2026-10-05T07:58:53Z
4w,F1,f00,t128x128k32g42s32f32ci,llama-3.2-3b,w2,2048,3072,8192,sarc_dev_780m_x_linear_q4gsw_coopmat_t128x128k32g42s32f32ci_texture3d_texture2d_half,1,9606.24,0.0135894,SKIPPED,,1,48,78,2800,15.4,2026-10-05T07:58:53Z
4w,F1,f00,t128x128k32g42s32f32ci,llama-3.2-1b,wq_wo,2048,2048,2048,sarc_dev_780m_x_linear_q4gsw_coopmat_t128x128k32g42s32f32ci_texture3d_texture2d_half,1,1627.1,0.00607864,SKIPPED,,1,48,78,2800,15.4,2026-10-05T07:58:53Z
4w,F1,f00,t128x128k32g42s32f32ci,llama-3.2-1b,wk_wv,2048,512,2048,sarc_dev_780m_x_linear_q4gsw_coopmat_t128x128k32g42s32f32ci_texture3d_texture2d_half,1,441.04,0.0130314,SKIPPED,,1,48,78,2800,15.4,2026-10-05T07:58:53Z
4w,F1,f00,t128x128k32g42s32f32ci,llama-3.2-1b,w1_w3,2048,8192,2048,sarc_dev_780m_x_linear_q4gsw_coopmat_t128x128k32g42s32f32ci_texture3d_texture2d_half,1,6392.52,0.0150227,SKIPPED,,1,48,78,2800,15.4,2026-10-05T07:58:53Z
4w,F1,f00,t128x128k32g42s32f32ci,llama-3.2-1b,w2,2048,2048,8192,sarc_dev_780m_x_linear_q4gsw_coopmat_t128x128k32g42s32f32ci_texture3d_texture2d_half,1,6536.64,0.00370737,SKIPPED,,1,48,78,2800,15.4,2026-10-05T07:58:53Z
4w,F1,f00,t128x128k32g42s32f32b,llama-3.1-8b,wq_wo,2048,4096,4096,sarc_dev_780m_x_linear_q4gsw_coopmat_t128x128k32g42s32f32b_texture3d_texture2d_half,1,6531.54,0.00343754,SKIPPED,,1,49,78,2800,15.3,2026-10-05T07:59:13Z
4w,F1,f00,t128x128k32g42s32f32b,llama-3.1-8b,wk_wv,2048,1024,4096,sarc_dev_780m_x_linear_q4gsw_coopmat_t128x128k32g42s32f32b_texture3d_texture2d_half,1,1722.16,0.00750933,SKIPPED,,1,49,78,2800,15.3,2026-10-05T07:59:13Z
4w,F1,f00,t128x128k32g42s32f32b,llama-3.1-8b,w1_w3,2048,14336,4096,sarc_dev_780m_x_linear_q4gsw_coopmat_t128x128k32g42s32f32b_texture3d_texture2d_half,1,22440.6,0.00835244,SKIPPED,,1,49,78,2800,15.3,2026-10-05T07:59:13Z
4w,F1,f00,t128x128k32g42s32f32b,llama-3.1-8b,w2,2048,4096,14336,sarc_dev_780m_x_linear_q4gsw_coopmat_t128x128k32g42s32f32b_texture3d_texture2d_half,1,22395.6,0.0088378,SKIPPED,,1,49,78,2800,15.3,2026-10-05T07:59:13Z
4w,F1,f00,t128x128k32g42s32f32b,llama-3.2-3b,wq_wo,2048,3072,3072,sarc_dev_780m_x_linear_q4gsw_coopmat_t128x128k32g42s32f32b_texture3d_texture2d_half,1,3586.56,0.0054984,SKIPPED,,1,49,78,2800,15.3,2026-10-05T07:59:13Z
4w,F1,f00,t128x128k32g42s32f32b,llama-3.2-3b,wk_wv,2048,1024,3072,sarc_dev_780m_x_linear_q4gsw_coopmat_t128x128k32g42s32f32b_texture3d_texture2d_half,1,1266.68,0.00648176,SKIPPED,,1,49,78,2800,15.3,2026-10-05T07:59:13Z
4w,F1,f00,t128x128k32g42s32f32b,llama-3.2-3b,w1_w3,2048,8192,3072,sarc_dev_780m_x_linear_q4gsw_coopmat_t128x128k32g42s32f32b_texture3d_texture2d_half,1,9540.12,0.00386801,SKIPPED,,1,49,78,2800,15.3,2026-10-05T07:59:13Z
4w,F1,f00,t128x128k32g42s32f32b,llama-3.2-3b,w2,2048,3072,8192,sarc_dev_780m_x_linear_q4gsw_coopmat_t128x128k32g42s32f32b_texture3d_texture2d_half,1,9611.32,0.00356989,SKIPPED,,1,49,78,2800,15.3,2026-10-05T07:59:13Z
4w,F1,f00,t128x128k32g42s32f32b,llama-3.2-1b,wq_wo,2048,2048,2048,sarc_dev_780m_x_linear_q4gsw_coopmat_t128x128k32g42s32f32b_texture3d_texture2d_half,1,1632.76,0.00716729,SKIPPED,,1,49,78,2800,15.3,2026-10-05T07:59:13Z
4w,F1,f00,t128x128k32g42s32f32b,llama-3.2-1b,wk_wv,2048,512,2048,sarc_dev_780m_x_linear_q4gsw_coopmat_t128x128k32g42s32f32b_texture3d_texture2d_half,1,442.16,0.00983259,SKIPPED,,1,49,78,2800,15.3,2026-10-05T07:59:13Z
4w,F1,f00,t128x128k32g42s32f32b,llama-3.2-1b,w1_w3,2048,8192,2048,sarc_dev_780m_x_linear_q4gsw_coopmat_t128x128k32g42s32f32b_texture3d_texture2d_half,1,6406.68,0.00714064,SKIPPED,,1,49,78,2800,15.3,2026-10-05T07:59:13Z
4w,F1,f00,t128x128k32g42s32f32b,llama-3.2-1b,w2,2048,2048,8192,sarc_dev_780m_x_linear_q4gsw_coopmat_t128x128k32g42s32f32b_texture3d_texture2d_half,1,6543.68,0.00459968,SKIPPED,,1,49,78,2800,15.3,2026-10-05T07:59:13Z
4w,F1,f00,t128x128k32g42s32f32biw,llama-3.1-8b,wq_wo,2048,4096,4096,sarc_dev_780m_x_linear_q4gsw_coopmat_t128x128k32g42s32f32biw_texture3d_texture2d_half,1,6571.56,0.00523589,SKIPPED,,1,49,78,2800,15.2,2026-10-05T07:59:33Z
4w,F1,f00,t128x128k32g42s32f32biw,llama-3.1-8b,wk_wv,2048,1024,4096,sarc_dev_780m_x_linear_q4gsw_coopmat_t128x128k32g42s32f32biw_texture3d_texture2d_half,1,1724.88,0.00718997,SKIPPED,,1,49,78,2800,15.2,2026-10-05T07:59:33Z
4w,F1,f00,t128x128k32g42s32f32biw,llama-3.1-8b,w1_w3,2048,14336,4096,sarc_dev_780m_x_linear_q4gsw_coopmat_t128x128k32g42s32f32biw_texture3d_texture2d_half,1,22413.7,0.00275777,SKIPPED,,1,49,78,2800,15.2,2026-10-05T07:59:33Z
4w,F1,f00,t128x128k32g42s32f32biw,llama-3.1-8b,w2,2048,4096,14336,sarc_dev_780m_x_linear_q4gsw_coopmat_t128x128k32g42s32f32biw_texture3d_texture2d_half,1,22410.5,0.00288423,SKIPPED,,1,49,78,2800,15.2,2026-10-05T07:59:33Z
4w,F1,f00,t128x128k32g42s32f32biw,llama-3.2-3b,wq_wo,2048,3072,3072,sarc_dev_780m_x_linear_q4gsw_coopmat_t128x128k32g42s32f32biw_texture3d_texture2d_half,1,3599.92,0.0144009,SKIPPED,,1,49,78,2800,15.2,2026-10-05T07:59:33Z
4w,F1,f00,t128x128k32g42s32f32biw,llama-3.2-3b,wk_wv,2048,1024,3072,sarc_dev_780m_x_linear_q4gsw_coopmat_t128x128k32g42s32f32biw_texture3d_texture2d_half,1,1267.6,0.00772619,SKIPPED,,1,49,78,2800,15.2,2026-10-05T07:59:33Z
4w,F1,f00,t128x128k32g42s32f32biw,llama-3.2-3b,w1_w3,2048,8192,3072,sarc_dev_780m_x_linear_q4gsw_coopmat_t128x128k32g42s32f32biw_texture3d_texture2d_half,1,9562,0.00944346,SKIPPED,,1,49,78,2800,15.2,2026-10-05T07:59:33Z
4w,F1,f00,t128x128k32g42s32f32biw,llama-3.2-3b,w2,2048,3072,8192,sarc_dev_780m_x_linear_q4gsw_coopmat_t128x128k32g42s32f32biw_texture3d_texture2d_half,1,9605.22,0.00362014,SKIPPED,,1,49,78,2800,15.2,2026-10-05T07:59:33Z
4w,F1,f00,t128x128k32g42s32f32biw,llama-3.2-1b,wq_wo,2048,2048,2048,sarc_dev_780m_x_linear_q4gsw_coopmat_t128x128k32g42s32f32biw_texture3d_texture2d_half,1,1635.4,0.0148745,SKIPPED,,1,49,78,2800,15.2,2026-10-05T07:59:33Z
4w,F1,f00,t128x128k32g42s32f32biw,llama-3.2-1b,wk_wv,2048,512,2048,sarc_dev_780m_x_linear_q4gsw_coopmat_t128x128k32g42s32f32biw_texture3d_texture2d_half,1,442.24,0.00863755,SKIPPED,,1,49,78,2800,15.2,2026-10-05T07:59:33Z
4w,F1,f00,t128x128k32g42s32f32biw,llama-3.2-1b,w1_w3,2048,8192,2048,sarc_dev_780m_x_linear_q4gsw_coopmat_t128x128k32g42s32f32biw_texture3d_texture2d_half,1,6396,0.00498026,SKIPPED,,1,49,78,2800,15.2,2026-10-05T07:59:33Z
4w,F1,f00,t128x128k32g42s32f32biw,llama-3.2-1b,w2,2048,2048,8192,sarc_dev_780m_x_linear_q4gsw_coopmat_t128x128k32g42s32f32biw_texture3d_texture2d_half,1,6543.44,0.00298363,SKIPPED,,1,49,78,2800,15.2,2026-10-05T07:59:33Z
4w,F1,f00,bx_t128x256k32g42s32f32biw,llama-3.1-8b,wq_wo,2048,4096,4096,sarc_dev_780m_x_linear_q4gsw_coopmat_bx_t128x256k32g42s32f32biw_texture3d_texture2d_half,1,6178.72,0.00344197,SKIPPED,,1,49,74,2800,15.5,2026-10-05T07:59:54Z
4w,F1,f00,bx_t128x256k32g42s32f32biw,llama-3.1-8b,wk_wv,2048,1024,4096,sarc_dev_780m_x_linear_q4gsw_coopmat_bx_t128x256k32g42s32f32biw_texture3d_texture2d_half,1,1613.58,0.00890964,SKIPPED,,1,49,74,2800,15.5,2026-10-05T07:59:54Z
4w,F1,f00,bx_t128x256k32g42s32f32biw,llama-3.1-8b,w1_w3,2048,14336,4096,sarc_dev_780m_x_linear_q4gsw_coopmat_bx_t128x256k32g42s32f32biw_texture3d_texture2d_half,1,21616.1,0.00206595,SKIPPED,,1,49,74,2800,15.5,2026-10-05T07:59:54Z
4w,F1,f00,bx_t128x256k32g42s32f32biw,llama-3.1-8b,w2,2048,4096,14336,sarc_dev_780m_x_linear_q4gsw_coopmat_bx_t128x256k32g42s32f32biw_texture3d_texture2d_half,1,21304.7,0.00243487,SKIPPED,,1,49,74,2800,15.5,2026-10-05T07:59:54Z
4w,F1,f00,bx_t128x256k32g42s32f32biw,llama-3.2-3b,wq_wo,2048,3072,3072,sarc_dev_780m_x_linear_q4gsw_coopmat_bx_t128x256k32g42s32f32biw_texture3d_texture2d_half,1,3527.72,0.00432835,SKIPPED,,1,49,74,2800,15.5,2026-10-05T07:59:54Z
4w,F1,f00,bx_t128x256k32g42s32f32biw,llama-3.2-3b,wk_wv,2048,1024,3072,sarc_dev_780m_x_linear_q4gsw_coopmat_bx_t128x256k32g42s32f32biw_texture3d_texture2d_half,1,1230.82,0.00616886,SKIPPED,,1,49,74,2800,15.5,2026-10-05T07:59:54Z
4w,F1,f00,bx_t128x256k32g42s32f32biw,llama-3.2-3b,w1_w3,2048,8192,3072,sarc_dev_780m_x_linear_q4gsw_coopmat_bx_t128x256k32g42s32f32biw_texture3d_texture2d_half,1,9487.76,0.00264804,SKIPPED,,1,49,74,2800,15.5,2026-10-05T07:59:54Z
4w,F1,f00,bx_t128x256k32g42s32f32biw,llama-3.2-3b,w2,2048,3072,8192,sarc_dev_780m_x_linear_q4gsw_coopmat_bx_t128x256k32g42s32f32biw_texture3d_texture2d_half,1,9148.96,0.00704546,SKIPPED,,1,49,74,2800,15.5,2026-10-05T07:59:54Z
4w,F1,f00,bx_t128x256k32g42s32f32biw,llama-3.2-1b,wq_wo,2048,2048,2048,sarc_dev_780m_x_linear_q4gsw_coopmat_bx_t128x256k32g42s32f32biw_texture3d_texture2d_half,1,1620.86,0.00560402,SKIPPED,,1,49,74,2800,15.5,2026-10-05T07:59:54Z
4w,F1,f00,bx_t128x256k32g42s32f32biw,llama-3.2-1b,wk_wv,2048,512,2048,sarc_dev_780m_x_linear_q4gsw_coopmat_bx_t128x256k32g42s32f32biw_texture3d_texture2d_half,1,471.16,0.0126809,SKIPPED,,1,49,74,2800,15.5,2026-10-05T07:59:54Z
4w,F1,f00,bx_t128x256k32g42s32f32biw,llama-3.2-1b,w1_w3,2048,8192,2048,sarc_dev_780m_x_linear_q4gsw_coopmat_bx_t128x256k32g42s32f32biw_texture3d_texture2d_half,1,6341.24,0.00831242,SKIPPED,,1,49,74,2800,15.5,2026-10-05T07:59:54Z
4w,F1,f00,bx_t128x256k32g42s32f32biw,llama-3.2-1b,w2,2048,2048,8192,sarc_dev_780m_x_linear_q4gsw_coopmat_bx_t128x256k32g42s32f32biw_texture3d_texture2d_half,1,6297.24,0.00386794,SKIPPED,,1,49,74,2800,15.5,2026-10-05T07:59:54Z
4w,F1,f00,t128x256k32g42s32f32c,llama-3.1-8b,wq_wo,2048,4096,4096,sarc_dev_780m_x_linear_q4gsw_coopmat_t128x256k32g42s32f32c_texture3d_texture2d_half,1,6191.28,0.00334663,SKIPPED,,1,49,77,2800,15.6,2026-10-05T08:00:15Z
4w,F1,f00,t128x256k32g42s32f32c,llama-3.1-8b,wk_wv,2048,1024,4096,sarc_dev_780m_x_linear_q4gsw_coopmat_t128x256k32g42s32f32c_texture3d_texture2d_half,1,1616.08,0.00488157,SKIPPED,,1,49,77,2800,15.6,2026-10-05T08:00:15Z
4w,F1,f00,t128x256k32g42s32f32c,llama-3.1-8b,w1_w3,2048,14336,4096,sarc_dev_780m_x_linear_q4gsw_coopmat_t128x256k32g42s32f32c_texture3d_texture2d_half,1,21725.4,0.00455605,SKIPPED,,1,49,77,2800,15.6,2026-10-05T08:00:15Z
4w,F1,f00,t128x256k32g42s32f32c,llama-3.1-8b,w2,2048,4096,14336,sarc_dev_780m_x_linear_q4gsw_coopmat_t128x256k32g42s32f32c_texture3d_texture2d_half,1,21505.4,0.00348876,SKIPPED,,1,49,77,2800,15.6,2026-10-05T08:00:15Z
4w,F1,f00,t128x256k32g42s32f32c,llama-3.2-3b,wq_wo,2048,3072,3072,sarc_dev_780m_x_linear_q4gsw_coopmat_t128x256k32g42s32f32c_texture3d_texture2d_half,1,3540.8,0.00439666,SKIPPED,,1,49,77,2800,15.6,2026-10-05T08:00:15Z
4w,F1,f00,t128x256k32g42s32f32c,llama-3.2-3b,wk_wv,2048,1024,3072,sarc_dev_780m_x_linear_q4gsw_coopmat_t128x256k32g42s32f32c_texture3d_texture2d_half,1,1235.18,0.00503204,SKIPPED,,1,49,77,2800,15.6,2026-10-05T08:00:15Z
4w,F1,f00,t128x256k32g42s32f32c,llama-3.2-3b,w1_w3,2048,8192,3072,sarc_dev_780m_x_linear_q4gsw_coopmat_t128x256k32g42s32f32c_texture3d_texture2d_half,1,9433.56,0.0148421,SKIPPED,,1,49,77,2800,15.6,2026-10-05T08:00:15Z
4w,F1,f00,t128x256k32g42s32f32c,llama-3.2-3b,w2,2048,3072,8192,sarc_dev_780m_x_linear_q4gsw_coopmat_t128x256k32g42s32f32c_texture3d_texture2d_half,1,9187.18,0.0033227,SKIPPED,,1,49,77,2800,15.6,2026-10-05T08:00:15Z
4w,F1,f00,t128x256k32g42s32f32c,llama-3.2-1b,wq_wo,2048,2048,2048,sarc_dev_780m_x_linear_q4gsw_coopmat_t128x256k32g42s32f32c_texture3d_texture2d_half,1,1634.36,0.00854854,SKIPPED,,1,49,77,2800,15.6,2026-10-05T08:00:15Z
4w,F1,f00,t128x256k32g42s32f32c,llama-3.2-1b,wk_wv,2048,512,2048,sarc_dev_780m_x_linear_q4gsw_coopmat_t128x256k32g42s32f32c_texture3d_texture2d_half,1,468.8,0.0121995,SKIPPED,,1,49,77,2800,15.6,2026-10-05T08:00:15Z
4w,F1,f00,t128x256k32g42s32f32c,llama-3.2-1b,w1_w3,2048,8192,2048,sarc_dev_780m_x_linear_q4gsw_coopmat_t128x256k32g42s32f32c_texture3d_texture2d_half,1,6298.4,0.00488863,SKIPPED,,1,49,77,2800,15.6,2026-10-05T08:00:15Z
4w,F1,f00,t128x256k32g42s32f32c,llama-3.2-1b,w2,2048,2048,8192,sarc_dev_780m_x_linear_q4gsw_coopmat_t128x256k32g42s32f32c_texture3d_texture2d_half,1,6322.84,0.011896,SKIPPED,,1,49,77,2800,15.6,2026-10-05T08:00:15Z
4w,F1,f01,t256x128k32g18s32f32bbt,llama-3.1-8b,wq_wo,2048,4096,4096,sarc_dev_780m_x_linear_q4gsw_coopmat_t256x128k32g18s32f32bbt_texture3d_texture2d_half,1,5980.12,0.00271043,SKIPPED,,1,48,76,2800,15.4,2026-10-05T08:00:35Z
4w,F1,f01,t256x128k32g18s32f32bbt,llama-3.1-8b,wk_wv,2048,1024,4096,sarc_dev_780m_x_linear_q4gsw_coopmat_t256x128k32g18s32f32bbt_texture3d_texture2d_half,1,1616.6,0.0125055,SKIPPED,,1,48,76,2800,15.4,2026-10-05T08:00:35Z
4w,F1,f01,t256x128k32g18s32f32bbt,llama-3.1-8b,w1_w3,2048,14336,4096,sarc_dev_780m_x_linear_q4gsw_coopmat_t256x128k32g18s32f32bbt_texture3d_texture2d_half,1,20756,0.00212595,SKIPPED,,1,48,76,2800,15.4,2026-10-05T08:00:35Z
4w,F1,f01,t256x128k32g18s32f32bbt,llama-3.1-8b,w2,2048,4096,14336,sarc_dev_780m_x_linear_q4gsw_coopmat_t256x128k32g18s32f32bbt_texture3d_texture2d_half,1,20368.7,0.00431393,SKIPPED,,1,48,76,2800,15.4,2026-10-05T08:00:35Z
4w,F1,f01,t256x128k32g18s32f32bbt,llama-3.2-3b,wq_wo,2048,3072,3072,sarc_dev_780m_x_linear_q4gsw_coopmat_t256x128k32g18s32f32bbt_texture3d_texture2d_half,1,3482,0.00197834,SKIPPED,,1,48,76,2800,15.4,2026-10-05T08:00:35Z
4w,F1,f01,t256x128k32g18s32f32bbt,llama-3.2-3b,wk_wv,2048,1024,3072,sarc_dev_780m_x_linear_q4gsw_coopmat_t256x128k32g18s32f32bbt_texture3d_texture2d_half,1,1296.8,0.0165537,SKIPPED,,1,48,76,2800,15.4,2026-10-05T08:00:35Z
4w,F1,f01,t256x128k32g18s32f32bbt,llama-3.2-3b,w1_w3,2048,8192,3072,sarc_dev_780m_x_linear_q4gsw_coopmat_t256x128k32g18s32f32bbt_texture3d_texture2d_half,1,9301.96,0.00160587,SKIPPED,,1,48,76,2800,15.4,2026-10-05T08:00:35Z
4w,F1,f01,t256x128k32g18s32f32bbt,llama-3.2-3b,w2,2048,3072,8192,sarc_dev_780m_x_linear_q4gsw_coopmat_t256x128k32g18s32f32bbt_texture3d_texture2d_half,1,8585.54,0.00381505,SKIPPED,,1,48,76,2800,15.4,2026-10-05T08:00:35Z
4w,F1,f01,t256x128k32g18s32f32bbt,llama-3.2-1b,wq_wo,2048,2048,2048,sarc_dev_780m_x_linear_q4gsw_coopmat_t256x128k32g18s32f32bbt_texture3d_texture2d_half,1,1674.84,0.0110708,SKIPPED,,1,48,76,2800,15.4,2026-10-05T08:00:35Z
4w,F1,f01,t256x128k32g18s32f32bbt,llama-3.2-1b,wk_wv,2048,512,2048,sarc_dev_780m_x_linear_q4gsw_coopmat_t256x128k32g18s32f32bbt_texture3d_texture2d_half,1,480.8,0.0368291,SKIPPED,,1,48,76,2800,15.4,2026-10-05T08:00:35Z
4w,F1,f01,t256x128k32g18s32f32bbt,llama-3.2-1b,w1_w3,2048,8192,2048,sarc_dev_780m_x_linear_q4gsw_coopmat_t256x128k32g18s32f32bbt_texture3d_texture2d_half,1,6558.88,0.00419954,SKIPPED,,1,48,76,2800,15.4,2026-10-05T08:00:35Z
4w,F1,f01,t256x128k32g18s32f32bbt,llama-3.2-1b,w2,2048,2048,8192,sarc_dev_780m_x_linear_q4gsw_coopmat_t256x128k32g18s32f32bbt_texture3d_texture2d_half,1,5871.24,0.00547017,SKIPPED,,1,48,76,2800,15.4,2026-10-05T08:00:35Z
4w,F1,f01,t256x128k32g24s32f32bbt,llama-3.1-8b,wq_wo,2048,4096,4096,sarc_dev_780m_x_linear_q4gsw_coopmat_t256x128k32g24s32f32bbt_texture3d_texture2d_half,1,6057.2,0.00684789,SKIPPED,,1,48,76,2800,15.4,2026-10-05T08:00:55Z
4w,F1,f01,t256x128k32g24s32f32bbt,llama-3.1-8b,wk_wv,2048,1024,4096,sarc_dev_780m_x_linear_q4gsw_coopmat_t256x128k32g24s32f32bbt_texture3d_texture2d_half,1,1621.48,0.00460508,SKIPPED,,1,48,76,2800,15.4,2026-10-05T08:00:55Z
4w,F1,f01,t256x128k32g24s32f32bbt,llama-3.1-8b,w1_w3,2048,14336,4096,sarc_dev_780m_x_linear_q4gsw_coopmat_t256x128k32g24s32f32bbt_texture3d_texture2d_half,1,21038.3,0.00323585,SKIPPED,,1,48,76,2800,15.4,2026-10-05T08:00:55Z
4w,F1,f01,t256x128k32g24s32f32bbt,llama-3.1-8b,w2,2048,4096,14336,sarc_dev_780m_x_linear_q4gsw_coopmat_t256x128k32g24s32f32bbt_texture3d_texture2d_half,1,20840.4,0.00178059,SKIPPED,,1,48,76,2800,15.4,2026-10-05T08:00:55Z
4w,F1,f01,t256x128k32g24s32f32bbt,llama-3.2-3b,wq_wo,2048,3072,3072,sarc_dev_780m_x_linear_q4gsw_coopmat_t256x128k32g24s32f32bbt_texture3d_texture2d_half,1,3407.4,0.00239057,SKIPPED,,1,48,76,2800,15.4,2026-10-05T08:00:55Z
4w,F1,f01,t256x128k32g24s32f32bbt,llama-3.2-3b,wk_wv,2048,1024,3072,sarc_dev_780m_x_linear_q4gsw_coopmat_t256x128k32g24s32f32bbt_texture3d_texture2d_half,1,1258.68,0.00568285,SKIPPED,,1,48,76,2800,15.4,2026-10-05T08:00:55Z
4w,F1,f01,t256x128k32g24s32f32bbt,llama-3.2-3b,w1_w3,2048,8192,3072,sarc_dev_780m_x_linear_q4gsw_coopmat_t256x128k32g24s32f32bbt_texture3d_texture2d_half,1,9127.6,0.00334687,SKIPPED,,1,48,76,2800,15.4,2026-10-05T08:00:55Z
4w,F1,f01,t256x128k32g24s32f32bbt,llama-3.2-3b,w2,2048,3072,8192,sarc_dev_780m_x_linear_q4gsw_coopmat_t256x128k32g24s32f32bbt_texture3d_texture2d_half,1,8890.1,0.00356021,SKIPPED,,1,48,76,2800,15.4,2026-10-05T08:00:55Z
4w,F1,f01,t256x128k32g24s32f32bbt,llama-3.2-1b,wq_wo,2048,2048,2048,sarc_dev_780m_x_linear_q4gsw_coopmat_t256x128k32g24s32f32bbt_texture3d_texture2d_half,1,1637.28,0.00527901,SKIPPED,,1,48,76,2800,15.4,2026-10-05T08:00:55Z
4w,F1,f01,t256x128k32g24s32f32bbt,llama-3.2-1b,wk_wv,2048,512,2048,sarc_dev_780m_x_linear_q4gsw_coopmat_t256x128k32g24s32f32bbt_texture3d_texture2d_half,1,482.28,0.0344989,SKIPPED,,1,48,76,2800,15.4,2026-10-05T08:00:55Z
4w,F1,f01,t256x128k32g24s32f32bbt,llama-3.2-1b,w1_w3,2048,8192,2048,sarc_dev_780m_x_linear_q4gsw_coopmat_t256x128k32g24s32f32bbt_texture3d_texture2d_half,1,6371.68,0.00307043,SKIPPED,,1,48,76,2800,15.4,2026-10-05T08:00:55Z
4w,F1,f01,t256x128k32g24s32f32bbt,llama-3.2-1b,w2,2048,2048,8192,sarc_dev_780m_x_linear_q4gsw_coopmat_t256x128k32g24s32f32bbt_texture3d_texture2d_half,1,6262.56,0.00605554,SKIPPED,,1,48,76,2800,15.4,2026-10-05T08:00:55Z
4w,F1,f01,t256x128k32g28s32f32bbt,llama-3.1-8b,wq_wo,2048,4096,4096,sarc_dev_780m_x_linear_q4gsw_coopmat_t256x128k32g28s32f32bbt_texture3d_texture2d_half,1,6231.56,0.00546688,SKIPPED,,1,48,76,2800,15.4,2026-10-05T08:01:16Z
4w,F1,f01,t256x128k32g28s32f32bbt,llama-3.1-8b,wk_wv,2048,1024,4096,sarc_dev_780m_x_linear_q4gsw_coopmat_t256x128k32g28s32f32bbt_texture3d_texture2d_half,1,1644.16,0.012871,SKIPPED,,1,48,76,2800,15.4,2026-10-05T08:01:16Z
4w,F1,f01,t256x128k32g28s32f32bbt,llama-3.1-8b,w1_w3,2048,14336,4096,sarc_dev_780m_x_linear_q4gsw_coopmat_t256x128k32g28s32f32bbt_texture3d_texture2d_half,1,21657,0.00242509,SKIPPED,,1,48,76,2800,15.4,2026-10-05T08:01:16Z
4w,F1,f01,t256x128k32g28s32f32bbt,llama-3.1-8b,w2,2048,4096,14336,sarc_dev_780m_x_linear_q4gsw_coopmat_t256x128k32g28s32f32bbt_texture3d_texture2d_half,1,20568.4,0.00278429,SKIPPED,,1,48,76,2800,15.4,2026-10-05T08:01:16Z
4w,F1,f01,t256x128k32g28s32f32bbt,llama-3.2-3b,wq_wo,2048,3072,3072,sarc_dev_780m_x_linear_q4gsw_coopmat_t256x128k32g28s32f32bbt_texture3d_texture2d_half,1,3502.44,0.00859461,SKIPPED,,1,48,76,2800,15.4,2026-10-05T08:01:16Z
4w,F1,f01,t256x128k32g28s32f32bbt,llama-3.2-3b,wk_wv,2048,1024,3072,sarc_dev_780m_x_linear_q4gsw_coopmat_t256x128k32g28s32f32bbt_texture3d_texture2d_half,1,1248.12,0.0125834,SKIPPED,,1,48,76,2800,15.4,2026-10-05T08:01:16Z
4w,F1,f01,t256x128k32g28s32f32bbt,llama-3.2-3b,w1_w3,2048,8192,3072,sarc_dev_780m_x_linear_q4gsw_coopmat_t256x128k32g28s32f32bbt_texture3d_texture2d_half,1,9507.8,0.00692003,SKIPPED,,1,48,76,2800,15.4,2026-10-05T08:01:16Z
4w,F1,f01,t256x128k32g28s32f32bbt,llama-3.2-3b,w2,2048,3072,8192,sarc_dev_780m_x_linear_q4gsw_coopmat_t256x128k32g28s32f32bbt_texture3d_texture2d_half,1,8852.5,0.00624755,SKIPPED,,1,48,76,2800,15.4,2026-10-05T08:01:16Z
4w,F1,f01,t256x128k32g28s32f32bbt,llama-3.2-1b,wq_wo,2048,2048,2048,sarc_dev_780m_x_linear_q4gsw_coopmat_t256x128k32g28s32f32bbt_texture3d_texture2d_half,1,1593.48,0.0128207,SKIPPED,,1,48,76,2800,15.4,2026-10-05T08:01:16Z
4w,F1,f01,t256x128k32g28s32f32bbt,llama-3.2-1b,wk_wv,2048,512,2048,sarc_dev_780m_x_linear_q4gsw_coopmat_t256x128k32g28s32f32bbt_texture3d_texture2d_half,1,462.04,0.0170902,SKIPPED,,1,48,76,2800,15.4,2026-10-05T08:01:16Z
4w,F1,f01,t256x128k32g28s32f32bbt,llama-3.2-1b,w1_w3,2048,8192,2048,sarc_dev_780m_x_linear_q4gsw_coopmat_t256x128k32g28s32f32bbt_texture3d_texture2d_half,1,6018.56,0.00571274,SKIPPED,,1,48,76,2800,15.4,2026-10-05T08:01:16Z
4w,F1,f01,t256x128k32g28s32f32bbt,llama-3.2-1b,w2,2048,2048,8192,sarc_dev_780m_x_linear_q4gsw_coopmat_t256x128k32g28s32f32bbt_texture3d_texture2d_half,1,6231.4,0.00560808,SKIPPED,,1,48,76,2800,15.4,2026-10-05T08:01:16Z
4w,F1,f01,t256x128k32g42s32f32cibt,llama-3.1-8b,wq_wo,2048,4096,4096,sarc_dev_780m_x_linear_q4gsw_coopmat_t256x128k32g42s32f32cibt_texture3d_texture2d_half,1,6287.08,0.00244815,SKIPPED,,1,48,76,2800,15.5,2026-10-05T08:01:36Z
4w,F1,f01,t256x128k32g42s32f32cibt,llama-3.1-8b,wk_wv,2048,1024,4096,sarc_dev_780m_x_linear_q4gsw_coopmat_t256x128k32g42s32f32cibt_texture3d_texture2d_half,1,1698.6,0.0121054,SKIPPED,,1,48,76,2800,15.5,2026-10-05T08:01:36Z
4w,F1,f01,t256x128k32g42s32f32cibt,llama-3.1-8b,w1_w3,2048,14336,4096,sarc_dev_780m_x_linear_q4gsw_coopmat_t256x128k32g42s32f32cibt_texture3d_texture2d_half,1,21729.9,0.00208756,SKIPPED,,1,48,76,2800,15.5,2026-10-05T08:01:36Z
4w,F1,f01,t256x128k32g42s32f32cibt,llama-3.1-8b,w2,2048,4096,14336,sarc_dev_780m_x_linear_q4gsw_coopmat_t256x128k32g42s32f32cibt_texture3d_texture2d_half,1,21310.3,0.00315751,SKIPPED,,1,48,76,2800,15.5,2026-10-05T08:01:36Z
4w,F1,f01,t256x128k32g42s32f32cibt,llama-3.2-3b,wq_wo,2048,3072,3072,sarc_dev_780m_x_linear_q4gsw_coopmat_t256x128k32g42s32f32cibt_texture3d_texture2d_half,1,3649.5,0.00269478,SKIPPED,,1,48,76,2800,15.5,2026-10-05T08:01:36Z
4w,F1,f01,t256x128k32g42s32f32cibt,llama-3.2-3b,wk_wv,2048,1024,3072,sarc_dev_780m_x_linear_q4gsw_coopmat_t256x128k32g42s32f32cibt_texture3d_texture2d_half,1,1339.12,0.0122856,SKIPPED,,1,48,76,2800,15.5,2026-10-05T08:01:36Z
4w,F1,f01,t256x128k32g42s32f32cibt,llama-3.2-3b,w1_w3,2048,8192,3072,sarc_dev_780m_x_linear_q4gsw_coopmat_t256x128k32g42s32f32cibt_texture3d_texture2d_half,1,9700.78,0.0050143,SKIPPED,,1,48,76,2800,15.5,2026-10-05T08:01:36Z
4w,F1,f01,t256x128k32g42s32f32cibt,llama-3.2-3b,w2,2048,3072,8192,sarc_dev_780m_x_linear_q4gsw_coopmat_t256x128k32g42s32f32cibt_texture3d_texture2d_half,1,8914.22,0.0185592,SKIPPED,,1,48,76,2800,15.5,2026-10-05T08:01:36Z
4w,F1,f01,t256x128k32g42s32f32cibt,llama-3.2-1b,wq_wo,2048,2048,2048,sarc_dev_780m_x_linear_q4gsw_coopmat_t256x128k32g42s32f32cibt_texture3d_texture2d_half,1,1715.74,0.00892396,SKIPPED,,1,48,76,2800,15.5,2026-10-05T08:01:36Z
4w,F1,f01,t256x128k32g42s32f32cibt,llama-3.2-1b,wk_wv,2048,512,2048,sarc_dev_780m_x_linear_q4gsw_coopmat_t256x128k32g42s32f32cibt_texture3d_texture2d_half,1,485.42,0.0291507,SKIPPED,,1,48,76,2800,15.5,2026-10-05T08:01:36Z
4w,F1,f01,t256x128k32g42s32f32cibt,llama-3.2-1b,w1_w3,2048,8192,2048,sarc_dev_780m_x_linear_q4gsw_coopmat_t256x128k32g42s32f32cibt_texture3d_texture2d_half,1,6749.76,0.0082055,SKIPPED,,1,48,76,2800,15.5,2026-10-05T08:01:36Z
4w,F1,f01,t256x128k32g42s32f32cibt,llama-3.2-1b,w2,2048,2048,8192,sarc_dev_780m_x_linear_q4gsw_coopmat_t256x128k32g42s32f32cibt_texture3d_texture2d_half,1,6171.56,0.00249036,SKIPPED,,1,48,76,2800,15.5,2026-10-05T08:01:36Z
4w,F1,f01,t256x128k32g42s32f32biiwbt,llama-3.1-8b,wq_wo,2048,4096,4096,sarc_dev_780m_x_linear_q4gsw_coopmat_t256x128k32g42s32f32biiwbt_texture3d_texture2d_half,1,6350.72,0.00367973,SKIPPED,,1,49,75,2800,15.6,2026-10-05T08:01:57Z
4w,F1,f01,t256x128k32g42s32f32biiwbt,llama-3.1-8b,wk_wv,2048,1024,4096,sarc_dev_780m_x_linear_q4gsw_coopmat_t256x128k32g42s32f32biiwbt_texture3d_texture2d_half,1,1723.76,0.0156553,SKIPPED,,1,49,75,2800,15.6,2026-10-05T08:01:57Z
4w,F1,f01,t256x128k32g42s32f32biiwbt,llama-3.1-8b,w1_w3,2048,14336,4096,sarc_dev_780m_x_linear_q4gsw_coopmat_t256x128k32g42s32f32biiwbt_texture3d_texture2d_half,1,21967.2,0.00299098,SKIPPED,,1,49,75,2800,15.6,2026-10-05T08:01:57Z
4w,F1,f01,t256x128k32g42s32f32biiwbt,llama-3.1-8b,w2,2048,4096,14336,sarc_dev_780m_x_linear_q4gsw_coopmat_t256x128k32g42s32f32biiwbt_texture3d_texture2d_half,1,21322.6,0.00415788,SKIPPED,,1,49,75,2800,15.6,2026-10-05T08:01:57Z
4w,F1,f01,t256x128k32g42s32f32biiwbt,llama-3.2-3b,wq_wo,2048,3072,3072,sarc_dev_780m_x_linear_q4gsw_coopmat_t256x128k32g42s32f32biiwbt_texture3d_texture2d_half,1,3684.86,0.00216163,SKIPPED,,1,49,75,2800,15.6,2026-10-05T08:01:57Z
4w,F1,f01,t256x128k32g42s32f32biiwbt,llama-3.2-3b,wk_wv,2048,1024,3072,sarc_dev_780m_x_linear_q4gsw_coopmat_t256x128k32g42s32f32biiwbt_texture3d_texture2d_half,1,1364.84,0.0122554,SKIPPED,,1,49,75,2800,15.6,2026-10-05T08:01:57Z
4w,F1,f01,t256x128k32g42s32f32biiwbt,llama-3.2-3b,w1_w3,2048,8192,3072,sarc_dev_780m_x_linear_q4gsw_coopmat_t256x128k32g42s32f32biiwbt_texture3d_texture2d_half,1,9843.96,0.00304402,SKIPPED,,1,49,75,2800,15.6,2026-10-05T08:01:57Z
4w,F1,f01,t256x128k32g42s32f32biiwbt,llama-3.2-3b,w2,2048,3072,8192,sarc_dev_780m_x_linear_q4gsw_coopmat_t256x128k32g42s32f32biiwbt_texture3d_texture2d_half,1,8944.06,0.00764739,SKIPPED,,1,49,75,2800,15.6,2026-10-05T08:01:57Z
4w,F1,f01,t256x128k32g42s32f32biiwbt,llama-3.2-1b,wq_wo,2048,2048,2048,sarc_dev_780m_x_linear_q4gsw_coopmat_t256x128k32g42s32f32biiwbt_texture3d_texture2d_half,1,1750.92,0.0100544,SKIPPED,,1,49,75,2800,15.6,2026-10-05T08:01:57Z
4w,F1,f01,t256x128k32g42s32f32biiwbt,llama-3.2-1b,wk_wv,2048,512,2048,sarc_dev_780m_x_linear_q4gsw_coopmat_t256x128k32g42s32f32biiwbt_texture3d_texture2d_half,1,493,0.0296086,SKIPPED,,1,49,75,2800,15.6,2026-10-05T08:01:57Z
4w,F1,f01,t256x128k32g42s32f32biiwbt,llama-3.2-1b,w1_w3,2048,8192,2048,sarc_dev_780m_x_linear_q4gsw_coopmat_t256x128k32g42s32f32biiwbt_texture3d_texture2d_half,1,6910.84,0.00338378,SKIPPED,,1,49,75,2800,15.6,2026-10-05T08:01:57Z
4w,F1,f01,t256x128k32g42s32f32biiwbt,llama-3.2-1b,w2,2048,2048,8192,sarc_dev_780m_x_linear_q4gsw_coopmat_t256x128k32g42s32f32biiwbt_texture3d_texture2d_half,1,6186.4,0.00282265,SKIPPED,,1,49,75,2800,15.6,2026-10-05T08:01:57Z
4w,F1,f01,t128x128k32g42s32f32xpiiw,llama-3.1-8b,wq_wo,2048,4096,4096,sarc_dev_780m_x_linear_q4gsw_coopmat_t128x128k32g42s32f32xpiiw_texture3d_texture2d_half,1,6503.52,0.00544636,SKIPPED,,1,49,77,2800,15.1,2026-10-05T08:02:17Z
4w,F1,f01,t128x128k32g42s32f32xpiiw,llama-3.1-8b,wk_wv,2048,1024,4096,sarc_dev_780m_x_linear_q4gsw_coopmat_t128x128k32g42s32f32xpiiw_texture3d_texture2d_half,1,1712,0.00735613,SKIPPED,,1,49,77,2800,15.1,2026-10-05T08:02:17Z
4w,F1,f01,t128x128k32g42s32f32xpiiw,llama-3.1-8b,w1_w3,2048,14336,4096,sarc_dev_780m_x_linear_q4gsw_coopmat_t128x128k32g42s32f32xpiiw_texture3d_texture2d_half,1,22211.9,0.00330408,SKIPPED,,1,49,77,2800,15.1,2026-10-05T08:02:17Z
4w,F1,f01,t128x128k32g42s32f32xpiiw,llama-3.1-8b,w2,2048,4096,14336,sarc_dev_780m_x_linear_q4gsw_coopmat_t128x128k32g42s32f32xpiiw_texture3d_texture2d_half,1,22296.7,0.0086662,SKIPPED,,1,49,77,2800,15.1,2026-10-05T08:02:17Z
4w,F1,f01,t128x128k32g42s32f32xpiiw,llama-3.2-3b,wq_wo,2048,3072,3072,sarc_dev_780m_x_linear_q4gsw_coopmat_t128x128k32g42s32f32xpiiw_texture3d_texture2d_half,1,3563.06,0.00507187,SKIPPED,,1,49,77,2800,15.1,2026-10-05T08:02:17Z
4w,F1,f01,t128x128k32g42s32f32xpiiw,llama-3.2-3b,wk_wv,2048,1024,3072,sarc_dev_780m_x_linear_q4gsw_coopmat_t128x128k32g42s32f32xpiiw_texture3d_texture2d_half,1,1258.88,0.00620021,SKIPPED,,1,49,77,2800,15.1,2026-10-05T08:02:17Z
4w,F1,f01,t128x128k32g42s32f32xpiiw,llama-3.2-3b,w1_w3,2048,8192,3072,sarc_dev_780m_x_linear_q4gsw_coopmat_t128x128k32g42s32f32xpiiw_texture3d_texture2d_half,1,9477.6,0.0045695,SKIPPED,,1,49,77,2800,15.1,2026-10-05T08:02:17Z
4w,F1,f01,t128x128k32g42s32f32xpiiw,llama-3.2-3b,w2,2048,3072,8192,sarc_dev_780m_x_linear_q4gsw_coopmat_t128x128k32g42s32f32xpiiw_texture3d_texture2d_half,1,9569.64,0.00370795,SKIPPED,,1,49,77,2800,15.1,2026-10-05T08:02:17Z
4w,F1,f01,t128x128k32g42s32f32xpiiw,llama-3.2-1b,wq_wo,2048,2048,2048,sarc_dev_780m_x_linear_q4gsw_coopmat_t128x128k32g42s32f32xpiiw_texture3d_texture2d_half,1,1617.3,0.00704861,SKIPPED,,1,49,77,2800,15.1,2026-10-05T08:02:17Z
4w,F1,f01,t128x128k32g42s32f32xpiiw,llama-3.2-1b,wk_wv,2048,512,2048,sarc_dev_780m_x_linear_q4gsw_coopmat_t128x128k32g42s32f32xpiiw_texture3d_texture2d_half,1,438.56,0.00958492,SKIPPED,,1,49,77,2800,15.1,2026-10-05T08:02:17Z
4w,F1,f01,t128x128k32g42s32f32xpiiw,llama-3.2-1b,w1_w3,2048,8192,2048,sarc_dev_780m_x_linear_q4gsw_coopmat_t128x128k32g42s32f32xpiiw_texture3d_texture2d_half,1,6339.68,0.00611137,SKIPPED,,1,49,77,2800,15.1,2026-10-05T08:02:17Z
4w,F1,f01,t128x128k32g42s32f32xpiiw,llama-3.2-1b,w2,2048,2048,8192,sarc_dev_780m_x_linear_q4gsw_coopmat_t128x128k32g42s32f32xpiiw_texture3d_texture2d_half,1,6507.2,0.00384435,SKIPPED,,1,49,77,2800,15.1,2026-10-05T08:02:17Z
4w,F1,f01,t128x128k32g42s32f32biiw,llama-3.1-8b,wq_wo,2048,4096,4096,sarc_dev_780m_x_linear_q4gsw_coopmat_t128x128k32g42s32f32biiw_texture3d_texture2d_half,1,6562.08,0.00355685,SKIPPED,,1,49,78,2800,15.1,2026-10-05T08:02:37Z
4w,F1,f01,t128x128k32g42s32f32biiw,llama-3.1-8b,wk_wv,2048,1024,4096,sarc_dev_780m_x_linear_q4gsw_coopmat_t128x128k32g42s32f32biiw_texture3d_texture2d_half,1,1721.52,0.0069761,SKIPPED,,1,49,78,2800,15.1,2026-10-05T08:02:37Z
4w,F1,f01,t128x128k32g42s32f32biiw,llama-3.1-8b,w1_w3,2048,14336,4096,sarc_dev_780m_x_linear_q4gsw_coopmat_t128x128k32g42s32f32biiw_texture3d_texture2d_half,1,22400.4,0.0030101,SKIPPED,,1,49,78,2800,15.1,2026-10-05T08:02:37Z
4w,F1,f01,t128x128k32g42s32f32biiw,llama-3.1-8b,w2,2048,4096,14336,sarc_dev_780m_x_linear_q4gsw_coopmat_t128x128k32g42s32f32biiw_texture3d_texture2d_half,1,22413.1,0.00558129,SKIPPED,,1,49,78,2800,15.1,2026-10-05T08:02:37Z
4w,F1,f01,t128x128k32g42s32f32biiw,llama-3.2-3b,wq_wo,2048,3072,3072,sarc_dev_780m_x_linear_q4gsw_coopmat_t128x128k32g42s32f32biiw_texture3d_texture2d_half,1,3591.84,0.0142006,SKIPPED,,1,49,78,2800,15.1,2026-10-05T08:02:37Z
4w,F1,f01,t128x128k32g42s32f32biiw,llama-3.2-3b,wk_wv,2048,1024,3072,sarc_dev_780m_x_linear_q4gsw_coopmat_t128x128k32g42s32f32biiw_texture3d_texture2d_half,1,1266.12,0.00649016,SKIPPED,,1,49,78,2800,15.1,2026-10-05T08:02:37Z
4w,F1,f01,t128x128k32g42s32f32biiw,llama-3.2-3b,w1_w3,2048,8192,3072,sarc_dev_780m_x_linear_q4gsw_coopmat_t128x128k32g42s32f32biiw_texture3d_texture2d_half,1,9544.94,0.0128994,SKIPPED,,1,49,78,2800,15.1,2026-10-05T08:02:37Z
4w,F1,f01,t128x128k32g42s32f32biiw,llama-3.2-3b,w2,2048,3072,8192,sarc_dev_780m_x_linear_q4gsw_coopmat_t128x128k32g42s32f32biiw_texture3d_texture2d_half,1,9602.66,0.00506488,SKIPPED,,1,49,78,2800,15.1,2026-10-05T08:02:37Z
4w,F1,f01,t128x128k32g42s32f32biiw,llama-3.2-1b,wq_wo,2048,2048,2048,sarc_dev_780m_x_linear_q4gsw_coopmat_t128x128k32g42s32f32biiw_texture3d_texture2d_half,1,1632.4,0.0168215,SKIPPED,,1,49,78,2800,15.1,2026-10-05T08:02:37Z
4w,F1,f01,t128x128k32g42s32f32biiw,llama-3.2-1b,wk_wv,2048,512,2048,sarc_dev_780m_x_linear_q4gsw_coopmat_t128x128k32g42s32f32biiw_texture3d_texture2d_half,1,442.04,0.00888789,SKIPPED,,1,49,78,2800,15.1,2026-10-05T08:02:37Z
4w,F1,f01,t128x128k32g42s32f32biiw,llama-3.2-1b,w1_w3,2048,8192,2048,sarc_dev_780m_x_linear_q4gsw_coopmat_t128x128k32g42s32f32biiw_texture3d_texture2d_half,1,6394.96,0.0050882,SKIPPED,,1,49,78,2800,15.1,2026-10-05T08:02:37Z
4w,F1,f01,t128x128k32g42s32f32biiw,llama-3.2-1b,w2,2048,2048,8192,sarc_dev_780m_x_linear_q4gsw_coopmat_t128x128k32g42s32f32biiw_texture3d_texture2d_half,1,6553.52,0.00580314,SKIPPED,,1,49,78,2800,15.1,2026-10-05T08:02:37Z
4w,R,r00,t256x128k32g42s32f32bbt,llama-3.1-8b,wq_wo,2048,4096,4096,sarc_dev_780m_x_linear_q4gsw_coopmat_t256x128k32g42s32f32bbt_texture3d_texture2d_half,1,6365.44,0.00546327,SKIPPED,,1,49,75,2800,15.5,2026-10-05T08:02:58Z
4w,R,r00,t256x128k32g42s32f32bbt,llama-3.1-8b,wk_wv,2048,1024,4096,sarc_dev_780m_x_linear_q4gsw_coopmat_t256x128k32g42s32f32bbt_texture3d_texture2d_half,1,1723.56,0.0158689,SKIPPED,,1,49,75,2800,15.5,2026-10-05T08:02:58Z
4w,R,r00,t256x128k32g42s32f32bbt,llama-3.1-8b,w1_w3,2048,14336,4096,sarc_dev_780m_x_linear_q4gsw_coopmat_t256x128k32g42s32f32bbt_texture3d_texture2d_half,1,21996.2,0.00436431,SKIPPED,,1,49,75,2800,15.5,2026-10-05T08:02:58Z
4w,R,r00,t256x128k32g42s32f32bbt,llama-3.1-8b,w2,2048,4096,14336,sarc_dev_780m_x_linear_q4gsw_coopmat_t256x128k32g42s32f32bbt_texture3d_texture2d_half,1,21279.2,0.00356442,SKIPPED,,1,49,75,2800,15.5,2026-10-05T08:02:58Z
4w,R,r00,t256x128k32g42s32f32bbt,llama-3.2-3b,wq_wo,2048,3072,3072,sarc_dev_780m_x_linear_q4gsw_coopmat_t256x128k32g42s32f32bbt_texture3d_texture2d_half,1,3687.6,0.00176651,SKIPPED,,1,49,75,2800,15.5,2026-10-05T08:02:58Z
4w,R,r00,t256x128k32g42s32f32bbt,llama-3.2-3b,wk_wv,2048,1024,3072,sarc_dev_780m_x_linear_q4gsw_coopmat_t256x128k32g42s32f32bbt_texture3d_texture2d_half,1,1363.56,0.0131709,SKIPPED,,1,49,75,2800,15.5,2026-10-05T08:02:58Z
4w,R,r00,t256x128k32g42s32f32bbt,llama-3.2-3b,w1_w3,2048,8192,3072,sarc_dev_780m_x_linear_q4gsw_coopmat_t256x128k32g42s32f32bbt_texture3d_texture2d_half,1,9850.46,0.00324594,SKIPPED,,1,49,75,2800,15.5,2026-10-05T08:02:58Z
4w,R,r00,t256x128k32g42s32f32bbt,llama-3.2-3b,w2,2048,3072,8192,sarc_dev_780m_x_linear_q4gsw_coopmat_t256x128k32g42s32f32bbt_texture3d_texture2d_half,1,8941.7,0.00190696,SKIPPED,,1,49,75,2800,15.5,2026-10-05T08:02:58Z
4w,R,r00,t256x128k32g42s32f32bbt,llama-3.2-1b,wq_wo,2048,2048,2048,sarc_dev_780m_x_linear_q4gsw_coopmat_t256x128k32g42s32f32bbt_texture3d_texture2d_half,1,1749.46,0.0090811,SKIPPED,,1,49,75,2800,15.5,2026-10-05T08:02:58Z
4w,R,r00,t256x128k32g42s32f32bbt,llama-3.2-1b,wk_wv,2048,512,2048,sarc_dev_780m_x_linear_q4gsw_coopmat_t256x128k32g42s32f32bbt_texture3d_texture2d_half,1,493.16,0.0304681,SKIPPED,,1,49,75,2800,15.5,2026-10-05T08:02:58Z
4w,R,r00,t256x128k32g42s32f32bbt,llama-3.2-1b,w1_w3,2048,8192,2048,sarc_dev_780m_x_linear_q4gsw_coopmat_t256x128k32g42s32f32bbt_texture3d_texture2d_half,1,6914.12,0.00376809,SKIPPED,,1,49,75,2800,15.5,2026-10-05T08:02:58Z
4w,R,r00,t256x128k32g42s32f32bbt,llama-3.2-1b,w2,2048,2048,8192,sarc_dev_780m_x_linear_q4gsw_coopmat_t256x128k32g42s32f32bbt_texture3d_texture2d_half,1,6192.2,0.00548523,SKIPPED,,1,49,75,2800,15.5,2026-10-05T08:02:58Z
4w,R,r00,t128x128k32g42s32f32ciw,llama-3.1-8b,wq_wo,2048,4096,4096,sarc_dev_780m_x_linear_q4gsw_coopmat_t128x128k32g42s32f32ciw_texture3d_texture2d_half,1,6532,0.00389719,SKIPPED,,1,48,78,2800,15.1,2026-10-05T08:03:18Z
4w,R,r00,t128x128k32g42s32f32ciw,llama-3.1-8b,wk_wv,2048,1024,4096,sarc_dev_780m_x_linear_q4gsw_coopmat_t128x128k32g42s32f32ciw_texture3d_texture2d_half,1,1718.72,0.00676226,SKIPPED,,1,48,78,2800,15.1,2026-10-05T08:03:18Z
4w,R,r00,t128x128k32g42s32f32ciw,llama-3.1-8b,w1_w3,2048,14336,4096,sarc_dev_780m_x_linear_q4gsw_coopmat_t128x128k32g42s32f32ciw_texture3d_texture2d_half,1,22305.5,0.00865778,SKIPPED,,1,48,78,2800,15.1,2026-10-05T08:03:18Z
4w,R,r00,t128x128k32g42s32f32ciw,llama-3.1-8b,w2,2048,4096,14336,sarc_dev_780m_x_linear_q4gsw_coopmat_t128x128k32g42s32f32ciw_texture3d_texture2d_half,1,22362.2,0.00411353,SKIPPED,,1,48,78,2800,15.1,2026-10-05T08:03:18Z
4w,R,r00,t128x128k32g42s32f32ciw,llama-3.2-3b,wq_wo,2048,3072,3072,sarc_dev_780m_x_linear_q4gsw_coopmat_t128x128k32g42s32f32ciw_texture3d_texture2d_half,1,3584.64,0.00675536,SKIPPED,,1,48,78,2800,15.1,2026-10-05T08:03:18Z
4w,R,r00,t128x128k32g42s32f32ciw,llama-3.2-3b,wk_wv,2048,1024,3072,sarc_dev_780m_x_linear_q4gsw_coopmat_t128x128k32g42s32f32ciw_texture3d_texture2d_half,1,1264.2,0.00697525,SKIPPED,,1,48,78,2800,15.1,2026-10-05T08:03:18Z
4w,R,r00,t128x128k32g42s32f32ciw,llama-3.2-3b,w1_w3,2048,8192,3072,sarc_dev_780m_x_linear_q4gsw_coopmat_t128x128k32g42s32f32ciw_texture3d_texture2d_half,1,9527.2,0.00447908,SKIPPED,,1,48,78,2800,15.1,2026-10-05T08:03:18Z
4w,R,r00,t128x128k32g42s32f32ciw,llama-3.2-3b,w2,2048,3072,8192,sarc_dev_780m_x_linear_q4gsw_coopmat_t128x128k32g42s32f32ciw_texture3d_texture2d_half,1,9610.28,0.0102699,SKIPPED,,1,48,78,2800,15.1,2026-10-05T08:03:18Z
4w,R,r00,t128x128k32g42s32f32ciw,llama-3.2-1b,wq_wo,2048,2048,2048,sarc_dev_780m_x_linear_q4gsw_coopmat_t128x128k32g42s32f32ciw_texture3d_texture2d_half,1,1628.12,0.00635729,SKIPPED,,1,48,78,2800,15.1,2026-10-05T08:03:18Z
4w,R,r00,t128x128k32g42s32f32ciw,llama-3.2-1b,wk_wv,2048,512,2048,sarc_dev_780m_x_linear_q4gsw_coopmat_t128x128k32g42s32f32ciw_texture3d_texture2d_half,1,440.64,0.0117032,SKIPPED,,1,48,78,2800,15.1,2026-10-05T08:03:18Z
4w,R,r00,t128x128k32g42s32f32ciw,llama-3.2-1b,w1_w3,2048,8192,2048,sarc_dev_780m_x_linear_q4gsw_coopmat_t128x128k32g42s32f32ciw_texture3d_texture2d_half,1,6387.72,0.0158223,SKIPPED,,1,48,78,2800,15.1,2026-10-05T08:03:18Z
4w,R,r00,t128x128k32g42s32f32ciw,llama-3.2-1b,w2,2048,2048,8192,sarc_dev_780m_x_linear_q4gsw_coopmat_t128x128k32g42s32f32ciw_texture3d_texture2d_half,1,6540.64,0.00777941,SKIPPED,,1,48,78,2800,15.1,2026-10-05T08:03:18Z
4w,R,r02,bx_t128x256k32g42s32f32xpiw,llama-3.1-8b,wq_wo,2048,4096,4096,sarc_dev_780m_x_linear_q4gsw_coopmat_bx_t128x256k32g42s32f32xpiw_texture3d_texture2d_half,1,6120.36,0.00301188,SKIPPED,,1,48,77,2800,15.2,2026-10-05T08:03:38Z
4w,R,r02,bx_t128x256k32g42s32f32xpiw,llama-3.1-8b,wk_wv,2048,1024,4096,sarc_dev_780m_x_linear_q4gsw_coopmat_bx_t128x256k32g42s32f32xpiw_texture3d_texture2d_half,1,1604.08,0.0054598,SKIPPED,,1,48,77,2800,15.2,2026-10-05T08:03:38Z
4w,R,r02,bx_t128x256k32g42s32f32xpiw,llama-3.1-8b,w1_w3,2048,14336,4096,sarc_dev_780m_x_linear_q4gsw_coopmat_bx_t128x256k32g42s32f32xpiw_texture3d_texture2d_half,1,21533.4,0.003847,SKIPPED,,1,48,77,2800,15.2,2026-10-05T08:03:38Z
4w,R,r02,bx_t128x256k32g42s32f32xpiw,llama-3.1-8b,w2,2048,4096,14336,sarc_dev_780m_x_linear_q4gsw_coopmat_bx_t128x256k32g42s32f32xpiw_texture3d_texture2d_half,1,21226.2,0.00418839,SKIPPED,,1,48,77,2800,15.2,2026-10-05T08:03:38Z
4w,R,r02,bx_t128x256k32g42s32f32xpiw,llama-3.2-3b,wq_wo,2048,3072,3072,sarc_dev_780m_x_linear_q4gsw_coopmat_bx_t128x256k32g42s32f32xpiw_texture3d_texture2d_half,1,3526.3,0.00614745,SKIPPED,,1,48,77,2800,15.2,2026-10-05T08:03:38Z
4w,R,r02,bx_t128x256k32g42s32f32xpiw,llama-3.2-3b,wk_wv,2048,1024,3072,sarc_dev_780m_x_linear_q4gsw_coopmat_bx_t128x256k32g42s32f32xpiw_texture3d_texture2d_half,1,1216.96,0.00724515,SKIPPED,,1,48,77,2800,15.2,2026-10-05T08:03:38Z
4w,R,r02,bx_t128x256k32g42s32f32xpiw,llama-3.2-3b,w1_w3,2048,8192,3072,sarc_dev_780m_x_linear_q4gsw_coopmat_bx_t128x256k32g42s32f32xpiw_texture3d_texture2d_half,1,9359.06,0.00325221,SKIPPED,,1,48,77,2800,15.2,2026-10-05T08:03:38Z
4w,R,r02,bx_t128x256k32g42s32f32xpiw,llama-3.2-3b,w2,2048,3072,8192,sarc_dev_780m_x_linear_q4gsw_coopmat_bx_t128x256k32g42s32f32xpiw_texture3d_texture2d_half,1,9091.8,0.00315103,SKIPPED,,1,48,77,2800,15.2,2026-10-05T08:03:38Z
4w,R,r02,bx_t128x256k32g42s32f32xpiw,llama-3.2-1b,wq_wo,2048,2048,2048,sarc_dev_780m_x_linear_q4gsw_coopmat_bx_t128x256k32g42s32f32xpiw_texture3d_texture2d_half,1,1609.16,0.00868327,SKIPPED,,1,48,77,2800,15.2,2026-10-05T08:03:38Z
4w,R,r02,bx_t128x256k32g42s32f32xpiw,llama-3.2-1b,wk_wv,2048,512,2048,sarc_dev_780m_x_linear_q4gsw_coopmat_bx_t128x256k32g42s32f32xpiw_texture3d_texture2d_half,1,464.64,0.0139928,SKIPPED,,1,48,77,2800,15.2,2026-10-05T08:03:38Z
4w,R,r02,bx_t128x256k32g42s32f32xpiw,llama-3.2-1b,w1_w3,2048,8192,2048,sarc_dev_780m_x_linear_q4gsw_coopmat_bx_t128x256k32g42s32f32xpiw_texture3d_texture2d_half,1,6244,0.00405066,SKIPPED,,1,48,77,2800,15.2,2026-10-05T08:03:38Z
4w,R,r02,bx_t128x256k32g42s32f32xpiw,llama-3.2-1b,w2,2048,2048,8192,sarc_dev_780m_x_linear_q4gsw_coopmat_bx_t128x256k32g42s32f32xpiw_texture3d_texture2d_half,1,6266.8,0.00400427,SKIPPED,,1,48,77,2800,15.2,2026-10-05T08:03:38Z
