parameter,from,to,pairs_x_shapes,median_ratio,min_ratio,max_ratio
B_COLMAJOR,off,on,72,0.993,0.815,1.047
CSH,band,full_pool,108,0.993,0.976,1.030
CSH,band,in_ash,144,0.997,0.979,1.025
CSH,full_pool,in_ash,192,1.003,0.988,1.013
FRAG_LAYOUT,off,on,12,0.968,0.958,0.986
IMG_A,off,on,276,1.000,0.997,1.009
IMG_W,off,on,324,1.000,0.987,1.009
M,128,256,60,1.013,0.862,1.188
N,128,256,144,0.970,0.833,1.080
SH_F16V4,off,on,48,1.028,1.023,1.035
TEXEL_STAGING,bx,plain,204,1.003,0.866,1.180
X,1,2,12,1.012,0.917,1.058
X,2,4,60,0.985,0.965,1.108
Y,4,8,12,0.995,0.945,1.042
