shape,table_us_by_round,pick,worst_round_speedup
llama-3.1-8b/w1_w3,2835/2865/2846,sarc_dev_linear_dq8ca_coopmat_zpg_bt_t128x64k32g22s32,1.059
llama-3.1-8b/w2,2790/2792/2862,sarc_dev_linear_dq8ca_coopmat_zpg_bt_t128x64k32g22s32,1.054
llama-3.1-8b/wk_wv,231/233/232,sarc_dev_linear_dq8ca_coopmat_zpg_bt_t128x64k64g22s32,1.062
llama-3.1-8b/wq_wo,846/852/850,sarc_dev_linear_dq8ca_coopmat_zpg_bt_t128x64k64g22s32,1.064
llama-3.2-1b/w1_w3,842/855/839,sarc_dev_linear_dq8ca_coopmat_zpg_bt_t128x64k32g22s32,1.054
llama-3.2-1b/w2,916/922/923,sarc_dev_linear_dq8ca_coopmat_zpg_bt_t128x64k64g22s32,1.071
llama-3.2-1b/wk_wv,80/80/79,sarc_linear_dq8ca_coopmat_zpg_sweep_t64x64k32g22s32,1.167
llama-3.2-1b/wq_wo,231/232/231,sarc_dev_linear_dq8ca_coopmat_zpg_bt_t128x64k64g22s32,1.060
llama-3.2-3b/w1_w3,1265/1265/1267,sarc_dev_linear_dq8ca_coopmat_zpg_bt_t128x64k32g22s32,1.063
llama-3.2-3b/w2,1241/1249/1259,sarc_dev_linear_dq8ca_coopmat_zpg_bt_t128x64k64g22s32,1.071
llama-3.2-3b/wk_wv,177/177/177,sarc_dev_780m_x_linear_dq8ca_coopmat_zpg_bt_t128x64k32g22s32afmb2,1.052
llama-3.2-3b/wq_wo,464/471/465,sarc_dev_linear_dq8ca_coopmat_zpg_bt_t128x64k64g22s32,1.057
