gpu,scheme,build,total_ms,gemm_pct_of_stock,attn_pct_of_own,quant_pct_of_own
780m,4w,stock,10337.7,67.4,24.4,0.0
780m,4w,sarc,3918.5,26.9,15.4,0.0
780m,8da4w,stock,7258.5,57.1,34.5,2.3
780m,8da4w,sarc,4180.7,40.9,14.5,4.0
b580,4w,stock,3879.0,83.8,10.0,0.0
b580,4w,sarc,1218.0,17.3,33.0,0.0
b580,8da4w,stock,2215.3,74.4,17.7,2.7
b580,8da4w,sarc,1138.5,25.6,34.7,5.3
b70,4w,stock,2539.2,82.3,10.8,0.0
b70,4w,sarc,829.7,17.4,34.5,0.0
b70,8da4w,stock,1413.5,72.1,19.3,3.0
b70,8da4w,sarc,736.8,24.6,36.4,5.7
4070ti,4w,stock,1845.2,87.3,8.6,0.0
4070ti,4w,sarc,454.0,13.0,33.7,0.0
4070ti,8da4w,stock,1850.3,87.9,8.1,1.3
4070ti,8da4w,sarc,406.6,9.9,36.7,5.8
orin,4w,stock,57748.0,89.4,7.7,0.0
orin,4w,sarc,10775.2,8.4,41.3,0.0
orin,8da4w,stock,63348.5,90.6,7.0,0.7
orin,8da4w,sarc,11996.9,9.6,37.1,3.5
