tier,case,elements,ref_rms,parent_rms,cand_rms,rms_ratio,parent_max,cand_max,max_ratio,cand_not_larger,parent_kernels,cand_kernels
extended,tiny_gqa_pos64,16384,5.6424e-02,3.2654e-05,1.6794e-05,0.514,2.4134e-04,8.5264e-05,0.353,yes,sarc_sdpa_qk_coopmat_t128x64k32g22s64+sarc_sdpa_attn_weights_softmax_780m_r3+sarc_sdpa_av_coopmat_t64x64k32g22s64,sarc_dev_780m_sdpa_fused3_d64_t32x32g11s32rko
extended,tiny_gqa_s256_pos128,32768,4.4336e-02,2.4719e-05,1.2567e-05,0.508,1.9114e-04,8.1500e-05,0.426,yes,sarc_sdpa_qk_coopmat_t128x64k32g22s64+sarc_sdpa_attn_weights_softmax_780m_r3+sarc_sdpa_av_coopmat_t64x64k32g22s64,sarc_dev_780m_sdpa_fused3_d64_t32x32g11s32rko
extended,1b_head_config_s256_pos256,524288,3.0952e-02,1.8558e-05,9.4343e-06,0.508,1.9394e-04,5.4629e-05,0.282,yes,sarc_sdpa_qk_coopmat_t128x64k32g22s64+sarc_sdpa_attn_weights_softmax_780m_r3+sarc_sdpa_av_coopmat_t64x64k32g22s64,sarc_dev_780m_sdpa_fused3_d64_t32x32g11s32rko
extended,3b_head_config_s256,786432,9.3317e-02,4.6297e-05,2.4127e-05,0.521,7.4167e-04,3.6188e-04,0.488,yes,sarc_sdpa_qk_coopmat_t128x64k32g22s64+sarc_sdpa_attn_weights_softmax_780m_r3+sarc_sdpa_av_coopmat_t64x64k32g22s64,sarc_dev_780m_sdpa_fused3_d128_t16x64g11s32rko
extended,8b_head_config_s256,1048576,9.3031e-02,4.6097e-05,2.4218e-05,0.525,8.9777e-04,3.9910e-04,0.445,yes,sarc_sdpa_qk_coopmat_t128x64k32g22s64+sarc_sdpa_attn_weights_softmax_780m_r3+sarc_sdpa_av_coopmat_t64x64k32g22s64,sarc_dev_780m_sdpa_fused3_d128_t16x64g11s32rko
extended,3b_head_config_pos128,393216,4.5575e-02,2.6384e-05,1.3535e-05,0.513,2.5060e-04,9.0419e-05,0.361,yes,sarc_sdpa_qk_coopmat_t128x64k32g22s64+sarc_sdpa_attn_weights_softmax_780m_r3+sarc_sdpa_av_coopmat_t64x64k32g22s64,sarc_dev_780m_sdpa_fused3_d128_t16x64g11s32rko
extended,tiny_gqa_s2048,262144,3.8335e-02,1.9633e-05,1.0281e-05,0.524,4.7407e-04,3.3191e-04,0.700,yes,sarc_sdpa_qk_coopmat_t128x64k32g22s64+sarc_sdpa_attn_weights_softmax_780m_r3+sarc_sdpa_av_coopmat_t64x64k32g22s64,sarc_dev_780m_sdpa_fused3_d64_t32x32g11s32rko
extended,tiny_d128_s2048,524288,3.7368e-02,1.9800e-05,1.0185e-05,0.514,8.5573e-04,3.2449e-04,0.379,yes,sarc_sdpa_qk_coopmat_t128x64k32g22s64+sarc_sdpa_attn_weights_softmax_780m_r3+sarc_sdpa_av_coopmat_t64x64k32g22s64,sarc_dev_780m_sdpa_fused3_d128_t16x64g11s32rko
full,1b_head_config_s2048,4194304,3.7684e-02,1.9675e-05,1.0244e-05,0.521,8.4405e-04,3.8558e-04,0.457,yes,sarc_sdpa_qk_coopmat_t128x64k32g22s64+sarc_sdpa_attn_weights_softmax_780m_r3+sarc_sdpa_av_coopmat_t64x64k32g22s64,sarc_dev_780m_sdpa_fused3_d64_t32x32g11s32rko
full,3b_head_config_s2048,6291456,3.8096e-02,1.9996e-05,1.0324e-05,0.516,9.5173e-04,3.5662e-04,0.375,yes,sarc_sdpa_qk_coopmat_t128x64k32g22s64+sarc_sdpa_attn_weights_softmax_780m_r3+sarc_sdpa_av_coopmat_t64x64k32g22s64,sarc_dev_780m_sdpa_fused3_d128_t16x64g11s32rko
full,8b_head_config_s2048,8388608,3.7928e-02,1.9794e-05,1.0332e-05,0.522,1.0390e-03,3.6932e-04,0.355,yes,sarc_sdpa_qk_coopmat_t128x64k32g22s64+sarc_sdpa_attn_weights_softmax_780m_r3+sarc_sdpa_av_coopmat_t64x64k32g22s64,sarc_dev_780m_sdpa_fused3_d128_t16x64g11s32rko
full,8b_head_config_s1024_pos1024,4194304,1.5648e-02,9.6218e-06,4.7815e-06,0.497,9.5066e-05,3.9317e-05,0.414,yes,sarc_sdpa_qk_coopmat_t128x64k32g22s64+sarc_sdpa_attn_weights_softmax_780m_r3+sarc_sdpa_av_coopmat_t64x64k32g22s64,sarc_dev_780m_sdpa_fused3_d128_t16x64g11s32rko
