2026-10-06T01:46:08Z,llama3_2-1b_vulkan_4w.pte,100,1,100,prompt_2048.txt,1.4
2026-10-06T01:46:09Z,llama3_2-1b_vulkan_4w.pte,100,0,100,prompt_check.txt,1.1
2026-10-06T01:46:10Z,llama3_2-1b_vulkan_4w.pte,100,0,100,r1304.txt,1.0
2026-10-06T01:46:11Z,llama3_2-1b_vulkan_4w.pte,100,0,100,prompt_2048.txt,0.8
2026-10-06T01:46:12Z,llama3_2-1b_vulkan_4w.pte,100,0,100,prompt_check.txt,1.0
2026-10-06T01:46:13Z,llama3_2-1b_vulkan_4w.pte,100,0,100,r1304.txt,0.7
2026-10-06T01:46:14Z,llama3_2-1b_vulkan_4w.pte,100,0,100,prompt_2048.txt,0.9
2026-10-06T01:46:15Z,llama3_2-1b_vulkan_8da4w.pte,99,1,100,prompt_2048.txt,1.3
2026-10-06T01:46:16Z,llama3_2-1b_vulkan_8da4w.pte,100,0,100,prompt_check.txt,1.1
2026-10-06T01:46:17Z,llama3_2-1b_vulkan_8da4w.pte,100,0,100,r1304.txt,1.0
2026-10-06T01:46:18Z,llama3_2-1b_vulkan_8da4w.pte,100,0,100,prompt_2048.txt,0.8
2026-10-06T01:46:19Z,llama3_2-1b_vulkan_8da4w.pte,100,0,100,prompt_check.txt,0.8
2026-10-06T01:46:20Z,llama3_2-1b_vulkan_8da4w.pte,100,0,100,r1304.txt,0.8
2026-10-06T01:46:21Z,llama3_2-1b_vulkan_8da4w.pte,100,0,100,prompt_2048.txt,1.0
2026-10-06T01:46:24Z,llama3_2-3b_vulkan_4w.pte,100,1,100,prompt_2048.txt,3.1
2026-10-06T01:46:26Z,llama3_2-3b_vulkan_4w.pte,100,0,100,prompt_2048.txt,1.6
2026-10-06T01:46:35Z,llama3_2-3b_vulkan_8da4w.pte,37,1,100,prompt_2048.txt,2.7
2026-10-06T01:46:37Z,llama3_2-3b_vulkan_8da4w.pte,100,0,100,prompt_2048.txt,1.6
2026-10-06T01:46:49Z,llama3_1-8b_vulkan_4w.pte,1,1,100,prompt_2048.txt,7.1
2026-10-06T01:46:52Z,llama3_1-8b_vulkan_4w.pte,100,0,100,prompt_2048.txt,3.4
2026-10-06T01:47:05Z,llama3_1-8b_vulkan_8da4w.pte,0,1,100,prompt_2048.txt,5.9
2026-10-06T01:47:09Z,llama3_1-8b_vulkan_8da4w.pte,100,0,100,prompt_2048.txt,3.1
