# 8B 8da4w, prompt_2048.txt (2048 x ' the'), next-token logits of the top candidates, four arms (logits_probe, build fused5)
token_id,token,logit_parent-tiled,prob_parent-tiled,logit_parent-default,prob_parent-default,logit_cand-tiled,prob_cand-tiled,logit_cand-default,prob_cand-default
118,<bytes>,11.4609,0.0126,11.5000,0.0129,11.1250,0.0088,11.1562,0.0091
53,'V',11.2969,0.0107,11.2344,0.0099,11.4219,0.0119,11.3672,0.0113
5531,'cal',11.0469,0.0083,11.1797,0.0094,11.1016,0.0086,11.0156,0.0079
109,<bytes>,10.9219,0.0074,11.0234,0.0080,10.7969,0.0064,10.8125,0.0065
67,'d',11.0391,0.0083,10.9688,0.0076,10.9375,0.0073,11.0781,0.0085
755,'def',10.7812,0.0064,10.8594,0.0068,10.9766,0.0076,11.0156,0.0079
# parent-tiled: top-1 118, top-2 margin 0.1641 logit
# parent-default: top-1 118, top-2 margin 0.2656 logit
# cand-tiled: top-1 53, top-2 margin 0.2969 logit
# cand-default: top-1 53, top-2 margin 0.2109 logit
# cand-default vs parent-default: max |dlogit| 0.6562, KL 8.168e-03 nat; parent-tiled vs parent-default: max |dlogit| 0.8340, KL 4.628e-03 nat
